type=SYSCALL msg=audit(1782837703.182:5480): arch=c000003e syscall=59 success=yes exit=0 a0=55775ffe6c00 a1=55775ffe50f0 a2=55775ffe0c70 a3=8 items=3 ppid=224782 pid=224798 auid=1000 uid=0 gid=0 euid=0 suid=0 fsuid=0 egid=0 sgid=0 fsgid=0 tty=pts3 ses=1 comm="tee" exe="/usr/bin/tee" subj=unconfined key="prism_execve"ARCH=x86_64 SYSCALL=execve AUID="quintessential" UID="root" GID="root" EUID="root" SUID="root" FSUID="root" EGID="root" SGID="root" FSGID="root"
type=EXECVE msg=audit(1782837703.182:5480): argc=3 a0="tee" a1="-a" a2="/home/quintessential/Documents/6841/ass1/project-prism/red/t1036_masquerade/../../logs/raw/t1036_master_20260701T024143.log"
type=CWD msg=audit(1782837703.182:5480): cwd="/home/quintessential/Documents/6841/ass1/project-prism"
type=PATH msg=audit(1782837703.182:5480): item=0 name="/usr/bin/tee" inode=11990827 dev=103:02 mode=0100755 ouid=0 ogid=0 rdev=00:00 nametype=NORMAL cap_fp=0 cap_fi=0 cap_fe=0 cap_fver=0 cap_frootid=0OUID="root" OGID="root"
type=PATH msg=audit(1782837703.182:5480): item=1 name="/usr/bin/tee" inode=11990827 dev=103:02 mode=0100755 ouid=0 ogid=0 rdev=00:00 nametype=NORMAL cap_fp=0 cap_fi=0 cap_fe=0 cap_fver=0 cap_frootid=0OUID="root" OGID="root"
type=PATH msg=audit(1782837703.182:5480): item=2 name="/lib64/ld-linux-x86-64.so.2" inode=11930925 dev=103:02 mode=0100755 ouid=0 ogid=0 rdev=00:00 nametype=NORMAL cap_fp=0 cap_fi=0 cap_fe=0 cap_fver=0 cap_frootid=0OUID="root" OGID="root"
type=PROCTITLE msg=audit(1782837703.182:5480): proctitle=746565002D61002F686F6D652F7175696E74657373656E7469616C2F446F63756D656E74732F363834312F617373312F70726F6A6563742D707269736D2F7265642F74313033365F6D6173717565726164652F2E2E2F2E2E2F6C6F67732F7261772F74313033365F6D61737465725F3230323630373031543032343134332E6C
type=SYSCALL msg=audit(1782837703.182:5481): arch=c000003e syscall=59 success=yes exit=0 a0=55775ffe2820 a1=55775ffe73a0 a2=55775ffe0c70 a3=8 items=3 ppid=224782 pid=224800 auid=1000 uid=0 gid=0 euid=0 suid=0 fsuid=0 egid=0 sgid=0 fsgid=0 tty=pts3 ses=1 comm="tee" exe="/usr/bin/tee" subj=unconfined key="prism_execve"ARCH=x86_64 SYSCALL=execve AUID="quintessential" UID="root" GID="root" EUID="root" SUID="root" FSUID="root" EGID="root" SGID="root" FSGID="root"
type=EXECVE msg=audit(1782837703.182:5481): argc=3 a0="tee" a1="-a" a2="/home/quintessential/Documents/6841/ass1/project-prism/red/t1036_masquerade/../../logs/raw/t1036_master_20260701T024143.log"
type=CWD msg=audit(1782837703.182:5481): cwd="/home/quintessential/Documents/6841/ass1/project-prism"
type=PATH msg=audit(1782837703.182:5481): item=0 name="/usr/bin/tee" inode=11990827 dev=103:02 mode=0100755 ouid=0 ogid=0 rdev=00:00 nametype=NORMAL cap_fp=0 cap_fi=0 cap_fe=0 cap_fver=0 cap_frootid=0OUID="root" OGID="root"
type=PATH msg=audit(1782837703.182:5481): item=1 name="/usr/bin/tee" inode=11990827 dev=103:02 mode=0100755 ouid=0 ogid=0 rdev=00:00 nametype=NORMAL cap_fp=0 cap_fi=0 cap_fe=0 cap_fver=0 cap_frootid=0OUID="root" OGID="root"
type=PATH msg=audit(1782837703.182:5481): item=2 name="/lib64/ld-linux-x86-64.so.2" inode=11930925 dev=103:02 mode=0100755 ouid=0 ogid=0 rdev=00:00 nametype=NORMAL cap_fp=0 cap_fi=0 cap_fe=0 cap_fver=0 cap_frootid=0OUID="root" OGID="root"
type=PROCTITLE msg=audit(1782837703.182:5481): proctitle=746565002D61002F686F6D652F7175696E74657373656E7469616C2F446F63756D656E74732F363834312F617373312F70726F6A6563742D707269736D2F7265642F74313033365F6D6173717565726164652F2E2E2F2E2E2F6C6F67732F7261772F74313033365F6D61737465725F3230323630373031543032343134332E6C
type=SYSCALL msg=audit(1782837703.182:5482): arch=c000003e syscall=59 success=yes exit=0 a0=55775ffe2820 a1=55775ffe7440 a2=55775ffe0c70 a3=8 items=3 ppid=224782 pid=224802 auid=1000 uid=0 gid=0 euid=0 suid=0 fsuid=0 egid=0 sgid=0 fsgid=0 tty=pts3 ses=1 comm="tee" exe="/usr/bin/tee" subj=unconfined key="prism_execve"ARCH=x86_64 SYSCALL=execve AUID="quintessential" UID="root" GID="root" EUID="root" SUID="root" FSUID="root" EGID="root" SGID="root" FSGID="root"
type=EXECVE msg=audit(1782837703.182:5482): argc=3 a0="tee" a1="-a" a2="/home/quintessential/Documents/6841/ass1/project-prism/red/t1036_masquerade/../../logs/raw/t1036_master_20260701T024143.log"
type=CWD msg=audit(1782837703.182:5482): cwd="/home/quintessential/Documents/6841/ass1/project-prism"
type=PATH msg=audit(1782837703.182:5482): item=0 name="/usr/bin/tee" inode=11990827 dev=103:02 mode=0100755 ouid=0 ogid=0 rdev=00:00 nametype=NORMAL cap_fp=0 cap_fi=0 cap_fe=0 cap_fver=0 cap_frootid=0OUID="root" OGID="root"
type=PATH msg=audit(1782837703.182:5482): item=1 name="/usr/bin/tee" inode=11990827 dev=103:02 mode=0100755 ouid=0 ogid=0 rdev=00:00 nametype=NORMAL cap_fp=0 cap_fi=0 cap_fe=0 cap_fver=0 cap_frootid=0OUID="root" OGID="root"
type=PATH msg=audit(1782837703.182:5482): item=2 name="/lib64/ld-linux-x86-64.so.2" inode=11930925 dev=103:02 mode=0100755 ouid=0 ogid=0 rdev=00:00 nametype=NORMAL cap_fp=0 cap_fi=0 cap_fe=0 cap_fver=0 cap_frootid=0OUID="root" OGID="root"
type=PROCTITLE msg=audit(1782837703.182:5482): proctitle=746565002D61002F686F6D652F7175696E74657373656E7469616C2F446F63756D656E74732F363834312F617373312F70726F6A6563742D707269736D2F7265642F74313033365F6D6173717565726164652F2E2E2F2E2E2F6C6F67732F7261772F74313033365F6D61737465725F3230323630373031543032343134332E6C
type=SYSCALL msg=audit(1782837703.182:5483): arch=c000003e syscall=59 success=yes exit=0 a0=55775ffe6b50 a1=55775ffe4200 a2=55775ffe0c70 a3=0 items=3 ppid=224782 pid=224801 auid=1000 uid=0 gid=0 euid=0 suid=0 fsuid=0 egid=0 sgid=0 fsgid=0 tty=pts3 ses=1 comm="bash" exe="/usr/bin/bash" subj=unconfined key="prism_execve"ARCH=x86_64 SYSCALL=execve AUID="quintessential" UID="root" GID="root" EUID="root" SUID="root" FSUID="root" EGID="root" SGID="root" FSGID="root"
type=EXECVE msg=audit(1782837703.182:5483): argc=2 a0="bash" a1="/home/quintessential/Documents/6841/ass1/project-prism/red/t1036_masquerade/rename_exec.sh"
type=CWD msg=audit(1782837703.182:5483): cwd="/home/quintessential/Documents/6841/ass1/project-prism"
type=PATH msg=audit(1782837703.182:5483): item=0 name="/usr/bin/bash" inode=11928257 dev=103:02 mode=0100755 ouid=0 ogid=0 rdev=00:00 nametype=NORMAL cap_fp=0 cap_fi=0 cap_fe=0 cap_fver=0 cap_frootid=0OUID="root" OGID="root"
type=PATH msg=audit(1782837703.182:5483): item=1 name="/usr/bin/bash" inode=11928257 dev=103:02 mode=0100755 ouid=0 ogid=0 rdev=00:00 nametype=NORMAL cap_fp=0 cap_fi=0 cap_fe=0 cap_fver=0 cap_frootid=0OUID="root" OGID="root"
type=PATH msg=audit(1782837703.182:5483): item=2 name="/lib64/ld-linux-x86-64.so.2" inode=11930925 dev=103:02 mode=0100755 ouid=0 ogid=0 rdev=00:00 nametype=NORMAL cap_fp=0 cap_fi=0 cap_fe=0 cap_fver=0 cap_frootid=0OUID="root" OGID="root"
type=PROCTITLE msg=audit(1782837703.182:5483): proctitle=62617368002F686F6D652F7175696E74657373656E7469616C2F446F63756D656E74732F363834312F617373312F70726F6A6563742D707269736D2F7265642F74313033365F6D6173717565726164652F72656E616D655F657865632E7368
type=SYSCALL msg=audit(1782837703.186:5484): arch=c000003e syscall=59 success=yes exit=0 a0=55a0b8b323e0 a1=55a0b8b33860 a2=55a0b8b31c70 a3=2 items=3 ppid=224801 pid=224803 auid=1000 uid=0 gid=0 euid=0 suid=0 fsuid=0 egid=0 sgid=0 fsgid=0 tty=pts3 ses=1 comm="dirname" exe="/usr/bin/dirname" subj=unconfined key="prism_execve"ARCH=x86_64 SYSCALL=execve AUID="quintessential" UID="root" GID="root" EUID="root" SUID="root" FSUID="root" EGID="root" SGID="root" FSGID="root"
type=EXECVE msg=audit(1782837703.186:5484): argc=2 a0="dirname" a1="/home/quintessential/Documents/6841/ass1/project-prism/red/t1036_masquerade/rename_exec.sh"
type=CWD msg=audit(1782837703.186:5484): cwd="/home/quintessential/Documents/6841/ass1/project-prism"
type=PATH msg=audit(1782837703.186:5484): item=0 name="/usr/bin/dirname" inode=11954898 dev=103:02 mode=0100755 ouid=0 ogid=0 rdev=00:00 nametype=NORMAL cap_fp=0 cap_fi=0 cap_fe=0 cap_fver=0 cap_frootid=0OUID="root" OGID="root"
type=PATH msg=audit(1782837703.186:5484): item=1 name="/usr/bin/dirname" inode=11954898 dev=103:02 mode=0100755 ouid=0 ogid=0 rdev=00:00 nametype=NORMAL cap_fp=0 cap_fi=0 cap_fe=0 cap_fver=0 cap_frootid=0OUID="root" OGID="root"
type=PATH msg=audit(1782837703.186:5484): item=2 name="/lib64/ld-linux-x86-64.so.2" inode=11930925 dev=103:02 mode=0100755 ouid=0 ogid=0 rdev=00:00 nametype=NORMAL cap_fp=0 cap_fi=0 cap_fe=0 cap_fver=0 cap_frootid=0OUID="root" OGID="root"
type=PROCTITLE msg=audit(1782837703.186:5484): proctitle=6469726E616D65002F686F6D652F7175696E74657373656E7469616C2F446F63756D656E74732F363834312F617373312F70726F6A6563742D707269736D2F7265642F74313033365F6D6173717565726164652F72656E616D655F657865632E7368
type=SYSCALL msg=audit(1782837703.186:5485): arch=c000003e syscall=59 success=yes exit=0 a0=55a0b8b33ae0 a1=55a0b8b33b80 a2=55a0b8b31c70 a3=1 items=3 ppid=224801 pid=224804 auid=1000 uid=0 gid=0 euid=0 suid=0 fsuid=0 egid=0 sgid=0 fsgid=0 tty=pts3 ses=1 comm="date" exe="/usr/bin/date" subj=unconfined key="prism_execve"ARCH=x86_64 SYSCALL=execve AUID="quintessential" UID="root" GID="root" EUID="root" SUID="root" FSUID="root" EGID="root" SGID="root" FSGID="root"
type=EXECVE msg=audit(1782837703.186:5485): argc=2 a0="date" a1="+%Y%m%dT%H%M%S"
type=CWD msg=audit(1782837703.186:5485): cwd="/home/quintessential/Documents/6841/ass1/project-prism"
type=PATH msg=audit(1782837703.186:5485): item=0 name="/usr/bin/date" inode=11954888 dev=103:02 mode=0100755 ouid=0 ogid=0 rdev=00:00 nametype=NORMAL cap_fp=0 cap_fi=0 cap_fe=0 cap_fver=0 cap_frootid=0OUID="root" OGID="root"
type=PATH msg=audit(1782837703.186:5485): item=1 name="/usr/bin/date" inode=11954888 dev=103:02 mode=0100755 ouid=0 ogid=0 rdev=00:00 nametype=NORMAL cap_fp=0 cap_fi=0 cap_fe=0 cap_fver=0 cap_frootid=0OUID="root" OGID="root"
type=PATH msg=audit(1782837703.186:5485): item=2 name="/lib64/ld-linux-x86-64.so.2" inode=11930925 dev=103:02 mode=0100755 ouid=0 ogid=0 rdev=00:00 nametype=NORMAL cap_fp=0 cap_fi=0 cap_fe=0 cap_fver=0 cap_frootid=0OUID="root" OGID="root"
type=PROCTITLE msg=audit(1782837703.186:5485): proctitle=64617465002B2559256D2564542548254D2553
type=SYSCALL msg=audit(1782837703.186:5486): arch=c000003e syscall=59 success=yes exit=0 a0=55a0b8b33c40 a1=55a0b8b33960 a2=55a0b8b31c70 a3=0 items=3 ppid=224801 pid=224806 auid=1000 uid=0 gid=0 euid=0 suid=0 fsuid=0 egid=0 sgid=0 fsgid=0 tty=pts3 ses=1 comm="tee" exe="/usr/bin/tee" subj=unconfined key="prism_execve"ARCH=x86_64 SYSCALL=execve AUID="quintessential" UID="root" GID="root" EUID="root" SUID="root" FSUID="root" EGID="root" SGID="root" FSGID="root"
type=EXECVE msg=audit(1782837703.186:5486): argc=3 a0="tee" a1="-a" a2="/home/quintessential/Documents/6841/ass1/project-prism/red/t1036_masquerade/../../logs/raw/t1036_rename_20260701T024143.log"
type=CWD msg=audit(1782837703.186:5486): cwd="/home/quintessential/Documents/6841/ass1/project-prism"
type=PATH msg=audit(1782837703.186:5486): item=0 name="/usr/bin/tee" inode=11990827 dev=103:02 mode=0100755 ouid=0 ogid=0 rdev=00:00 nametype=NORMAL cap_fp=0 cap_fi=0 cap_fe=0 cap_fver=0 cap_frootid=0OUID="root" OGID="root"
type=PATH msg=audit(1782837703.186:5486): item=1 name="/usr/bin/tee" inode=11990827 dev=103:02 mode=0100755 ouid=0 ogid=0 rdev=00:00 nametype=NORMAL cap_fp=0 cap_fi=0 cap_fe=0 cap_fver=0 cap_frootid=0OUID="root" OGID="root"
type=PATH msg=audit(1782837703.186:5486): item=2 name="/lib64/ld-linux-x86-64.so.2" inode=11930925 dev=103:02 mode=0100755 ouid=0 ogid=0 rdev=00:00 nametype=NORMAL cap_fp=0 cap_fi=0 cap_fe=0 cap_fver=0 cap_frootid=0OUID="root" OGID="root"
type=PROCTITLE msg=audit(1782837703.186:5486): proctitle=746565002D61002F686F6D652F7175696E74657373656E7469616C2F446F63756D656E74732F363834312F617373312F70726F6A6563742D707269736D2F7265642F74313033365F6D6173717565726164652F2E2E2F2E2E2F6C6F67732F7261772F74313033365F72656E616D655F3230323630373031543032343134332E6C
type=SYSCALL msg=audit(1782837703.186:5487): arch=c000003e syscall=59 success=yes exit=0 a0=55a0b8b33c40 a1=55a0b8b339a0 a2=55a0b8b31c70 a3=0 items=3 ppid=224801 pid=224808 auid=1000 uid=0 gid=0 euid=0 suid=0 fsuid=0 egid=0 sgid=0 fsgid=0 tty=pts3 ses=1 comm="tee" exe="/usr/bin/tee" subj=unconfined key="prism_execve"ARCH=x86_64 SYSCALL=execve AUID="quintessential" UID="root" GID="root" EUID="root" SUID="root" FSUID="root" EGID="root" SGID="root" FSGID="root"
type=EXECVE msg=audit(1782837703.186:5487): argc=3 a0="tee" a1="-a" a2="/home/quintessential/Documents/6841/ass1/project-prism/red/t1036_masquerade/../../logs/raw/t1036_rename_20260701T024143.log"
type=CWD msg=audit(1782837703.186:5487): cwd="/home/quintessential/Documents/6841/ass1/project-prism"
type=PATH msg=audit(1782837703.186:5487): item=0 name="/usr/bin/tee" inode=11990827 dev=103:02 mode=0100755 ouid=0 ogid=0 rdev=00:00 nametype=NORMAL cap_fp=0 cap_fi=0 cap_fe=0 cap_fver=0 cap_frootid=0OUID="root" OGID="root"
type=PATH msg=audit(1782837703.186:5487): item=1 name="/usr/bin/tee" inode=11990827 dev=103:02 mode=0100755 ouid=0 ogid=0 rdev=00:00 nametype=NORMAL cap_fp=0 cap_fi=0 cap_fe=0 cap_fver=0 cap_frootid=0OUID="root" OGID="root"
type=PATH msg=audit(1782837703.186:5487): item=2 name="/lib64/ld-linux-x86-64.so.2" inode=11930925 dev=103:02 mode=0100755 ouid=0 ogid=0 rdev=00:00 nametype=NORMAL cap_fp=0 cap_fi=0 cap_fe=0 cap_fver=0 cap_frootid=0OUID="root" OGID="root"
type=PROCTITLE msg=audit(1782837703.186:5487): proctitle=746565002D61002F686F6D652F7175696E74657373656E7469616C2F446F63756D656E74732F363834312F617373312F70726F6A6563742D707269736D2F7265642F74313033365F6D6173717565726164652F2E2E2F2E2E2F6C6F67732F7261772F74313033365F72656E616D655F3230323630373031543032343134332E6C
type=SYSCALL msg=audit(1782837703.186:5488): arch=c000003e syscall=59 success=yes exit=0 a0=55a0b8b37100 a1=55a0b8b37a90 a2=55a0b8b31c70 a3=31 items=3 ppid=224801 pid=224809 auid=1000 uid=0 gid=0 euid=0 suid=0 fsuid=0 egid=0 sgid=0 fsgid=0 tty=pts3 ses=1 comm="cp" exe="/usr/bin/cp" subj=unconfined key="prism_execve"ARCH=x86_64 SYSCALL=execve AUID="quintessential" UID="root" GID="root" EUID="root" SUID="root" FSUID="root" EGID="root" SGID="root" FSGID="root"
type=EXECVE msg=audit(1782837703.186:5488): argc=3 a0="cp" a1="/bin/sleep" a2="/tmp/systemd-helper"
type=CWD msg=audit(1782837703.186:5488): cwd="/home/quintessential/Documents/6841/ass1/project-prism"
type=PATH msg=audit(1782837703.186:5488): item=0 name="/usr/bin/cp" inode=11954882 dev=103:02 mode=0100755 ouid=0 ogid=0 rdev=00:00 nametype=NORMAL cap_fp=0 cap_fi=0 cap_fe=0 cap_fver=0 cap_frootid=0OUID="root" OGID="root"
type=PATH msg=audit(1782837703.186:5488): item=1 name="/usr/bin/cp" inode=11954882 dev=103:02 mode=0100755 ouid=0 ogid=0 rdev=00:00 nametype=NORMAL cap_fp=0 cap_fi=0 cap_fe=0 cap_fver=0 cap_frootid=0OUID="root" OGID="root"
type=PATH msg=audit(1782837703.186:5488): item=2 name="/lib64/ld-linux-x86-64.so.2" inode=11930925 dev=103:02 mode=0100755 ouid=0 ogid=0 rdev=00:00 nametype=NORMAL cap_fp=0 cap_fi=0 cap_fe=0 cap_fver=0 cap_frootid=0OUID="root" OGID="root"
type=PROCTITLE msg=audit(1782837703.186:5488): proctitle=6370002F62696E2F736C656570002F746D702F73797374656D642D68656C706572
type=SYSCALL msg=audit(1782837703.186:5489): arch=c000003e syscall=257 success=yes exit=3 a0=ffffffffffffff9c a1=7f12fcd3820d a2=80000 a3=0 items=1 ppid=224801 pid=224809 auid=1000 uid=0 gid=0 euid=0 suid=0 fsuid=0 egid=0 sgid=0 fsgid=0 tty=pts3 ses=1 comm="cp" exe="/usr/bin/cp" subj=unconfined key="prism_proc_access"ARCH=x86_64 SYSCALL=openat AUID="quintessential" UID="root" GID="root" EUID="root" SUID="root" FSUID="root" EGID="root" SGID="root" FSGID="root"
type=CWD msg=audit(1782837703.186:5489): cwd="/home/quintessential/Documents/6841/ass1/project-prism"
type=PATH msg=audit(1782837703.186:5489): item=0 name="/proc/filesystems" inode=4026532067 dev=00:17 mode=0100444 ouid=0 ogid=0 rdev=00:00 nametype=NORMAL cap_fp=0 cap_fi=0 cap_fe=0 cap_fver=0 cap_frootid=0OUID="root" OGID="root"
type=PROCTITLE msg=audit(1782837703.186:5489): proctitle=6370002F62696E2F736C656570002F746D702F73797374656D642D68656C706572
type=SYSCALL msg=audit(1782837703.186:5490): arch=c000003e syscall=59 success=yes exit=0 a0=55a0b8b36e30 a1=55a0b8b36fc0 a2=55a0b8b31c70 a3=31 items=3 ppid=224801 pid=224810 auid=1000 uid=0 gid=0 euid=0 suid=0 fsuid=0 egid=0 sgid=0 fsgid=0 tty=pts3 ses=1 comm="chmod" exe="/usr/bin/chmod" subj=unconfined key="prism_execve"ARCH=x86_64 SYSCALL=execve AUID="quintessential" UID="root" GID="root" EUID="root" SUID="root" FSUID="root" EGID="root" SGID="root" FSGID="root"
type=EXECVE msg=audit(1782837703.186:5490): argc=3 a0="chmod" a1="+x" a2="/tmp/systemd-helper"
type=CWD msg=audit(1782837703.186:5490): cwd="/home/quintessential/Documents/6841/ass1/project-prism"
type=PATH msg=audit(1782837703.186:5490): item=0 name="/usr/bin/chmod" inode=11952600 dev=103:02 mode=0100755 ouid=0 ogid=0 rdev=00:00 nametype=NORMAL cap_fp=0 cap_fi=0 cap_fe=0 cap_fver=0 cap_frootid=0OUID="root" OGID="root"
type=PATH msg=audit(1782837703.186:5490): item=1 name="/usr/bin/chmod" inode=11952600 dev=103:02 mode=0100755 ouid=0 ogid=0 rdev=00:00 nametype=NORMAL cap_fp=0 cap_fi=0 cap_fe=0 cap_fver=0 cap_frootid=0OUID="root" OGID="root"
type=PATH msg=audit(1782837703.186:5490): item=2 name="/lib64/ld-linux-x86-64.so.2" inode=11930925 dev=103:02 mode=0100755 ouid=0 ogid=0 rdev=00:00 nametype=NORMAL cap_fp=0 cap_fi=0 cap_fe=0 cap_fver=0 cap_frootid=0OUID="root" OGID="root"
type=PROCTITLE msg=audit(1782837703.186:5490): proctitle=63686D6F64002B78002F746D702F73797374656D642D68656C706572
type=SYSCALL msg=audit(1782837703.190:5491): arch=c000003e syscall=59 success=yes exit=0 a0=55a0b8b33b20 a1=55a0b8b33bd0 a2=55a0b8b31c70 a3=50 items=3 ppid=224801 pid=224812 auid=1000 uid=0 gid=0 euid=0 suid=0 fsuid=0 egid=0 sgid=0 fsgid=0 tty=pts3 ses=1 comm="tee" exe="/usr/bin/tee" subj=unconfined key="prism_execve"ARCH=x86_64 SYSCALL=execve AUID="quintessential" UID="root" GID="root" EUID="root" SUID="root" FSUID="root" EGID="root" SGID="root" FSGID="root"
type=EXECVE msg=audit(1782837703.190:5491): argc=3 a0="tee" a1="-a" a2="/home/quintessential/Documents/6841/ass1/project-prism/red/t1036_masquerade/../../logs/raw/t1036_rename_20260701T024143.log"
type=CWD msg=audit(1782837703.190:5491): cwd="/home/quintessential/Documents/6841/ass1/project-prism"
type=PATH msg=audit(1782837703.190:5491): item=0 name="/usr/bin/tee" inode=11990827 dev=103:02 mode=0100755 ouid=0 ogid=0 rdev=00:00 nametype=NORMAL cap_fp=0 cap_fi=0 cap_fe=0 cap_fver=0 cap_frootid=0OUID="root" OGID="root"
type=PATH msg=audit(1782837703.190:5491): item=1 name="/usr/bin/tee" inode=11990827 dev=103:02 mode=0100755 ouid=0 ogid=0 rdev=00:00 nametype=NORMAL cap_fp=0 cap_fi=0 cap_fe=0 cap_fver=0 cap_frootid=0OUID="root" OGID="root"
type=PATH msg=audit(1782837703.190:5491): item=2 name="/lib64/ld-linux-x86-64.so.2" inode=11930925 dev=103:02 mode=0100755 ouid=0 ogid=0 rdev=00:00 nametype=NORMAL cap_fp=0 cap_fi=0 cap_fe=0 cap_fver=0 cap_frootid=0OUID="root" OGID="root"
type=PROCTITLE msg=audit(1782837703.190:5491): proctitle=746565002D61002F686F6D652F7175696E74657373656E7469616C2F446F63756D656E74732F363834312F617373312F70726F6A6563742D707269736D2F7265642F74313033365F6D6173717565726164652F2E2E2F2E2E2F6C6F67732F7261772F74313033365F72656E616D655F3230323630373031543032343134332E6C
type=SYSCALL msg=audit(1782837703.190:5492): arch=c000003e syscall=59 success=yes exit=0 a0=55a0b8b36f40 a1=55a0b8b32550 a2=55a0b8b33820 a3=8 items=3 ppid=224801 pid=224813 auid=1000 uid=0 gid=0 euid=0 suid=0 fsuid=0 egid=0 sgid=0 fsgid=0 tty=pts3 ses=1 comm="systemd-helper" exe="/tmp/systemd-helper" subj=unconfined key="prism_execve"ARCH=x86_64 SYSCALL=execve AUID="quintessential" UID="root" GID="root" EUID="root" SUID="root" FSUID="root" EGID="root" SGID="root" FSGID="root"
type=EXECVE msg=audit(1782837703.190:5492): argc=2 a0="/tmp/systemd-helper" a1="5"
type=CWD msg=audit(1782837703.190:5492): cwd="/home/quintessential/Documents/6841/ass1/project-prism"
type=PATH msg=audit(1782837703.190:5492): item=0 name="/tmp/systemd-helper" inode=7834 dev=00:31 mode=0100755 ouid=0 ogid=0 rdev=00:00 nametype=NORMAL cap_fp=0 cap_fi=0 cap_fe=0 cap_fver=0 cap_frootid=0OUID="root" OGID="root"
type=PATH msg=audit(1782837703.190:5492): item=1 name="/tmp/systemd-helper" inode=7834 dev=00:31 mode=0100755 ouid=0 ogid=0 rdev=00:00 nametype=NORMAL cap_fp=0 cap_fi=0 cap_fe=0 cap_fver=0 cap_frootid=0OUID="root" OGID="root"
type=PATH msg=audit(1782837703.190:5492): item=2 name="/lib64/ld-linux-x86-64.so.2" inode=11930925 dev=103:02 mode=0100755 ouid=0 ogid=0 rdev=00:00 nametype=NORMAL cap_fp=0 cap_fi=0 cap_fe=0 cap_fver=0 cap_frootid=0OUID="root" OGID="root"
type=PROCTITLE msg=audit(1782837703.190:5492): proctitle=2F746D702F73797374656D642D68656C7065720035
type=SYSCALL msg=audit(1782837703.190:5493): arch=c000003e syscall=59 success=yes exit=0 a0=55a0b8b33b40 a1=55a0b8b33bf0 a2=55a0b8b31c70 a3=50 items=3 ppid=224801 pid=224815 auid=1000 uid=0 gid=0 euid=0 suid=0 fsuid=0 egid=0 sgid=0 fsgid=0 tty=pts3 ses=1 comm="tee" exe="/usr/bin/tee" subj=unconfined key="prism_execve"ARCH=x86_64 SYSCALL=execve AUID="quintessential" UID="root" GID="root" EUID="root" SUID="root" FSUID="root" EGID="root" SGID="root" FSGID="root"
type=EXECVE msg=audit(1782837703.190:5493): argc=3 a0="tee" a1="-a" a2="/home/quintessential/Documents/6841/ass1/project-prism/red/t1036_masquerade/../../logs/raw/t1036_rename_20260701T024143.log"
type=CWD msg=audit(1782837703.190:5493): cwd="/home/quintessential/Documents/6841/ass1/project-prism"
type=PATH msg=audit(1782837703.190:5493): item=0 name="/usr/bin/tee" inode=11990827 dev=103:02 mode=0100755 ouid=0 ogid=0 rdev=00:00 nametype=NORMAL cap_fp=0 cap_fi=0 cap_fe=0 cap_fver=0 cap_frootid=0OUID="root" OGID="root"
type=PATH msg=audit(1782837703.190:5493): item=1 name="/usr/bin/tee" inode=11990827 dev=103:02 mode=0100755 ouid=0 ogid=0 rdev=00:00 nametype=NORMAL cap_fp=0 cap_fi=0 cap_fe=0 cap_fver=0 cap_frootid=0OUID="root" OGID="root"
type=PATH msg=audit(1782837703.190:5493): item=2 name="/lib64/ld-linux-x86-64.so.2" inode=11930925 dev=103:02 mode=0100755 ouid=0 ogid=0 rdev=00:00 nametype=NORMAL cap_fp=0 cap_fi=0 cap_fe=0 cap_fver=0 cap_frootid=0OUID="root" OGID="root"
type=PROCTITLE msg=audit(1782837703.190:5493): proctitle=746565002D61002F686F6D652F7175696E74657373656E7469616C2F446F63756D656E74732F363834312F617373312F70726F6A6563742D707269736D2F7265642F74313033365F6D6173717565726164652F2E2E2F2E2E2F6C6F67732F7261772F74313033365F72656E616D655F3230323630373031543032343134332E6C
type=SYSCALL msg=audit(1782837703.190:5494): arch=c000003e syscall=59 success=yes exit=0 a0=55a0b8b33b40 a1=55a0b8b33bf0 a2=55a0b8b31c70 a3=50 items=3 ppid=224801 pid=224817 auid=1000 uid=0 gid=0 euid=0 suid=0 fsuid=0 egid=0 sgid=0 fsgid=0 tty=pts3 ses=1 comm="tee" exe="/usr/bin/tee" subj=unconfined key="prism_execve"ARCH=x86_64 SYSCALL=execve AUID="quintessential" UID="root" GID="root" EUID="root" SUID="root" FSUID="root" EGID="root" SGID="root" FSGID="root"
type=EXECVE msg=audit(1782837703.190:5494): argc=3 a0="tee" a1="-a" a2="/home/quintessential/Documents/6841/ass1/project-prism/red/t1036_masquerade/../../logs/raw/t1036_rename_20260701T024143.log"
type=CWD msg=audit(1782837703.190:5494): cwd="/home/quintessential/Documents/6841/ass1/project-prism"
type=PATH msg=audit(1782837703.190:5494): item=0 name="/usr/bin/tee" inode=11990827 dev=103:02 mode=0100755 ouid=0 ogid=0 rdev=00:00 nametype=NORMAL cap_fp=0 cap_fi=0 cap_fe=0 cap_fver=0 cap_frootid=0OUID="root" OGID="root"
type=PATH msg=audit(1782837703.190:5494): item=1 name="/usr/bin/tee" inode=11990827 dev=103:02 mode=0100755 ouid=0 ogid=0 rdev=00:00 nametype=NORMAL cap_fp=0 cap_fi=0 cap_fe=0 cap_fver=0 cap_frootid=0OUID="root" OGID="root"
type=PATH msg=audit(1782837703.190:5494): item=2 name="/lib64/ld-linux-x86-64.so.2" inode=11930925 dev=103:02 mode=0100755 ouid=0 ogid=0 rdev=00:00 nametype=NORMAL cap_fp=0 cap_fi=0 cap_fe=0 cap_fver=0 cap_frootid=0OUID="root" OGID="root"
type=PROCTITLE msg=audit(1782837703.190:5494): proctitle=746565002D61002F686F6D652F7175696E74657373656E7469616C2F446F63756D656E74732F363834312F617373312F70726F6A6563742D707269736D2F7265642F74313033365F6D6173717565726164652F2E2E2F2E2E2F6C6F67732F7261772F74313033365F72656E616D655F3230323630373031543032343134332E6C
type=SYSCALL msg=audit(1782837703.190:5495): arch=c000003e syscall=59 success=yes exit=0 a0=55a0b8b33be0 a1=55a0b8b33c90 a2=55a0b8b31c70 a3=50 items=3 ppid=224801 pid=224819 auid=1000 uid=0 gid=0 euid=0 suid=0 fsuid=0 egid=0 sgid=0 fsgid=0 tty=pts3 ses=1 comm="tee" exe="/usr/bin/tee" subj=unconfined key="prism_execve"ARCH=x86_64 SYSCALL=execve AUID="quintessential" UID="root" GID="root" EUID="root" SUID="root" FSUID="root" EGID="root" SGID="root" FSGID="root"
type=EXECVE msg=audit(1782837703.190:5495): argc=3 a0="tee" a1="-a" a2="/home/quintessential/Documents/6841/ass1/project-prism/red/t1036_masquerade/../../logs/raw/t1036_rename_20260701T024143.log"
type=CWD msg=audit(1782837703.190:5495): cwd="/home/quintessential/Documents/6841/ass1/project-prism"
type=PATH msg=audit(1782837703.190:5495): item=0 name="/usr/bin/tee" inode=11990827 dev=103:02 mode=0100755 ouid=0 ogid=0 rdev=00:00 nametype=NORMAL cap_fp=0 cap_fi=0 cap_fe=0 cap_fver=0 cap_frootid=0OUID="root" OGID="root"
type=PATH msg=audit(1782837703.190:5495): item=1 name="/usr/bin/tee" inode=11990827 dev=103:02 mode=0100755 ouid=0 ogid=0 rdev=00:00 nametype=NORMAL cap_fp=0 cap_fi=0 cap_fe=0 cap_fver=0 cap_frootid=0OUID="root" OGID="root"
type=PATH msg=audit(1782837703.190:5495): item=2 name="/lib64/ld-linux-x86-64.so.2" inode=11930925 dev=103:02 mode=0100755 ouid=0 ogid=0 rdev=00:00 nametype=NORMAL cap_fp=0 cap_fi=0 cap_fe=0 cap_fver=0 cap_frootid=0OUID="root" OGID="root"
type=PROCTITLE msg=audit(1782837703.190:5495): proctitle=746565002D61002F686F6D652F7175696E74657373656E7469616C2F446F63756D656E74732F363834312F617373312F70726F6A6563742D707269736D2F7265642F74313033365F6D6173717565726164652F2E2E2F2E2E2F6C6F67732F7261772F74313033365F72656E616D655F3230323630373031543032343134332E6C
type=SYSCALL msg=audit(1782837703.190:5496): arch=c000003e syscall=59 success=yes exit=0 a0=55a0b8b33a10 a1=55a0b8b33b00 a2=55a0b8b31c70 a3=50 items=3 ppid=224801 pid=224818 auid=1000 uid=0 gid=0 euid=0 suid=0 fsuid=0 egid=0 sgid=0 fsgid=0 tty=pts3 ses=1 comm="ls" exe="/usr/bin/ls" subj=unconfined key="prism_execve"ARCH=x86_64 SYSCALL=execve AUID="quintessential" UID="root" GID="root" EUID="root" SUID="root" FSUID="root" EGID="root" SGID="root" FSGID="root"
type=EXECVE msg=audit(1782837703.190:5496): argc=3 a0="ls" a1="-la" a2="/proc/224813/exe"
type=CWD msg=audit(1782837703.190:5496): cwd="/home/quintessential/Documents/6841/ass1/project-prism"
type=PATH msg=audit(1782837703.190:5496): item=0 name="/usr/bin/ls" inode=11959803 dev=103:02 mode=0100755 ouid=0 ogid=0 rdev=00:00 nametype=NORMAL cap_fp=0 cap_fi=0 cap_fe=0 cap_fver=0 cap_frootid=0OUID="root" OGID="root"
type=PATH msg=audit(1782837703.190:5496): item=1 name="/usr/bin/ls" inode=11959803 dev=103:02 mode=0100755 ouid=0 ogid=0 rdev=00:00 nametype=NORMAL cap_fp=0 cap_fi=0 cap_fe=0 cap_fver=0 cap_frootid=0OUID="root" OGID="root"
type=PATH msg=audit(1782837703.190:5496): item=2 name="/lib64/ld-linux-x86-64.so.2" inode=11930925 dev=103:02 mode=0100755 ouid=0 ogid=0 rdev=00:00 nametype=NORMAL cap_fp=0 cap_fi=0 cap_fe=0 cap_fver=0 cap_frootid=0OUID="root" OGID="root"
type=PROCTITLE msg=audit(1782837703.190:5496): proctitle=6C73002D6C61002F70726F632F3232343831332F657865
type=SYSCALL msg=audit(1782837703.190:5497): arch=c000003e syscall=257 success=yes exit=3 a0=ffffffffffffff9c a1=7fc11306620d a2=80000 a3=0 items=1 ppid=224801 pid=224818 auid=1000 uid=0 gid=0 euid=0 suid=0 fsuid=0 egid=0 sgid=0 fsgid=0 tty=pts3 ses=1 comm="ls" exe="/usr/bin/ls" subj=unconfined key="prism_proc_access"ARCH=x86_64 SYSCALL=openat AUID="quintessential" UID="root" GID="root" EUID="root" SUID="root" FSUID="root" EGID="root" SGID="root" FSGID="root"
type=CWD msg=audit(1782837703.190:5497): cwd="/home/quintessential/Documents/6841/ass1/project-prism"
type=PATH msg=audit(1782837703.190:5497): item=0 name="/proc/filesystems" inode=4026532067 dev=00:17 mode=0100444 ouid=0 ogid=0 rdev=00:00 nametype=NORMAL cap_fp=0 cap_fi=0 cap_fe=0 cap_fver=0 cap_frootid=0OUID="root" OGID="root"
type=PROCTITLE msg=audit(1782837703.190:5497): proctitle=6C73002D6C61002F70726F632F3232343831332F657865
type=SYSCALL msg=audit(1782837703.190:5498): arch=c000003e syscall=59 success=yes exit=0 a0=55a0b8b33b80 a1=55a0b8b33c00 a2=55a0b8b31c70 a3=50 items=3 ppid=224801 pid=224821 auid=1000 uid=0 gid=0 euid=0 suid=0 fsuid=0 egid=0 sgid=0 fsgid=0 tty=pts3 ses=1 comm="tee" exe="/usr/bin/tee" subj=unconfined key="prism_execve"ARCH=x86_64 SYSCALL=execve AUID="quintessential" UID="root" GID="root" EUID="root" SUID="root" FSUID="root" EGID="root" SGID="root" FSGID="root"
type=EXECVE msg=audit(1782837703.190:5498): argc=3 a0="tee" a1="-a" a2="/home/quintessential/Documents/6841/ass1/project-prism/red/t1036_masquerade/../../logs/raw/t1036_rename_20260701T024143.log"
type=CWD msg=audit(1782837703.190:5498): cwd="/home/quintessential/Documents/6841/ass1/project-prism"
type=PATH msg=audit(1782837703.190:5498): item=0 name="/usr/bin/tee" inode=11990827 dev=103:02 mode=0100755 ouid=0 ogid=0 rdev=00:00 nametype=NORMAL cap_fp=0 cap_fi=0 cap_fe=0 cap_fver=0 cap_frootid=0OUID="root" OGID="root"
type=PATH msg=audit(1782837703.190:5498): item=1 name="/usr/bin/tee" inode=11990827 dev=103:02 mode=0100755 ouid=0 ogid=0 rdev=00:00 nametype=NORMAL cap_fp=0 cap_fi=0 cap_fe=0 cap_fver=0 cap_frootid=0OUID="root" OGID="root"
type=PATH msg=audit(1782837703.190:5498): item=2 name="/lib64/ld-linux-x86-64.so.2" inode=11930925 dev=103:02 mode=0100755 ouid=0 ogid=0 rdev=00:00 nametype=NORMAL cap_fp=0 cap_fi=0 cap_fe=0 cap_fver=0 cap_frootid=0OUID="root" OGID="root"
type=PROCTITLE msg=audit(1782837703.190:5498): proctitle=746565002D61002F686F6D652F7175696E74657373656E7469616C2F446F63756D656E74732F363834312F617373312F70726F6A6563742D707269736D2F7265642F74313033365F6D6173717565726164652F2E2E2F2E2E2F6C6F67732F7261772F74313033365F72656E616D655F3230323630373031543032343134332E6C
type=SYSCALL msg=audit(1782837703.190:5499): arch=c000003e syscall=59 success=yes exit=0 a0=55a0b8b33910 a1=55a0b8b37b30 a2=55a0b8b31c70 a3=21 items=3 ppid=224801 pid=224820 auid=1000 uid=0 gid=0 euid=0 suid=0 fsuid=0 egid=0 sgid=0 fsgid=0 tty=pts3 ses=1 comm="cat" exe="/usr/bin/cat" subj=unconfined key="prism_execve"ARCH=x86_64 SYSCALL=execve AUID="quintessential" UID="root" GID="root" EUID="root" SUID="root" FSUID="root" EGID="root" SGID="root" FSGID="root"
type=EXECVE msg=audit(1782837703.190:5499): argc=2 a0="cat" a1="/proc/224813/comm"
type=CWD msg=audit(1782837703.190:5499): cwd="/home/quintessential/Documents/6841/ass1/project-prism"
type=PATH msg=audit(1782837703.190:5499): item=0 name="/usr/bin/cat" inode=11951825 dev=103:02 mode=0100755 ouid=0 ogid=0 rdev=00:00 nametype=NORMAL cap_fp=0 cap_fi=0 cap_fe=0 cap_fver=0 cap_frootid=0OUID="root" OGID="root"
type=PATH msg=audit(1782837703.190:5499): item=1 name="/usr/bin/cat" inode=11951825 dev=103:02 mode=0100755 ouid=0 ogid=0 rdev=00:00 nametype=NORMAL cap_fp=0 cap_fi=0 cap_fe=0 cap_fver=0 cap_frootid=0OUID="root" OGID="root"
type=PATH msg=audit(1782837703.190:5499): item=2 name="/lib64/ld-linux-x86-64.so.2" inode=11930925 dev=103:02 mode=0100755 ouid=0 ogid=0 rdev=00:00 nametype=NORMAL cap_fp=0 cap_fi=0 cap_fe=0 cap_fver=0 cap_frootid=0OUID="root" OGID="root"
type=PROCTITLE msg=audit(1782837703.190:5499): proctitle=636174002F70726F632F3232343831332F636F6D6D
type=SYSCALL msg=audit(1782837703.190:5500): arch=c000003e syscall=257 success=yes exit=3 a0=ffffffffffffff9c a1=7fff5c04f641 a2=0 a3=0 items=1 ppid=224801 pid=224820 auid=1000 uid=0 gid=0 euid=0 suid=0 fsuid=0 egid=0 sgid=0 fsgid=0 tty=pts3 ses=1 comm="cat" exe="/usr/bin/cat" subj=unconfined key="prism_proc_access"ARCH=x86_64 SYSCALL=openat AUID="quintessential" UID="root" GID="root" EUID="root" SUID="root" FSUID="root" EGID="root" SGID="root" FSGID="root"
type=CWD msg=audit(1782837703.190:5500): cwd="/home/quintessential/Documents/6841/ass1/project-prism"
type=PATH msg=audit(1782837703.190:5500): item=0 name="/proc/224813/comm" inode=1421093 dev=00:17 mode=0100644 ouid=0 ogid=0 rdev=00:00 nametype=NORMAL cap_fp=0 cap_fi=0 cap_fe=0 cap_fver=0 cap_frootid=0OUID="root" OGID="root"
type=PROCTITLE msg=audit(1782837703.190:5500): proctitle=636174002F70726F632F3232343831332F636F6D6D
type=SYSCALL msg=audit(1782837704.210:5501): arch=c000003e syscall=59 success=yes exit=0 a0=563858984240 a1=563856818ec0 a2=5638525ae810 a3=8 items=3 ppid=1811 pid=224822 auid=1000 uid=1000 gid=1000 euid=1000 suid=1000 fsuid=1000 egid=1000 sgid=1000 fsgid=1000 tty=(none) ses=1 comm="sh" exe="/usr/bin/dash" subj=unconfined key="prism_execve"ARCH=x86_64 SYSCALL=execve AUID="quintessential" UID="quintessential" GID="quintessential" EUID="quintessential" SUID="quintessential" FSUID="quintessential" EGID="quintessential" SGID="quintessential" FSGID="quintessential"
type=EXECVE msg=audit(1782837704.210:5501): argc=3 a0="/bin/sh" a1="-c" a2=63617420272F686F6D652F7175696E74657373656E7469616C2F2E6C6F63616C2F73686172652F706C61736D612F706C61736D6F6964732F6C756973626F63616E656772612E70616E656C2E636F6C6F72697A65722F6D657461646174612E6A736F6E27207C2067726570205C2256657273696F6E207C207365642027732F2E2A202F2F3B732F5B222C5D2F2F6727
type=CWD msg=audit(1782837704.210:5501): cwd="/home/quintessential"
type=PATH msg=audit(1782837704.210:5501): item=0 name="/bin/sh" inode=11928898 dev=103:02 mode=0100755 ouid=0 ogid=0 rdev=00:00 nametype=NORMAL cap_fp=0 cap_fi=0 cap_fe=0 cap_fver=0 cap_frootid=0OUID="root" OGID="root"
type=PATH msg=audit(1782837704.210:5501): item=1 name="/bin/sh" inode=11928908 dev=103:02 mode=0120777 ouid=0 ogid=0 rdev=00:00 nametype=NORMAL cap_fp=0 cap_fi=0 cap_fe=0 cap_fver=0 cap_frootid=0OUID="root" OGID="root"
type=PATH msg=audit(1782837704.210:5501): item=2 name="/lib64/ld-linux-x86-64.so.2" inode=11930925 dev=103:02 mode=0100755 ouid=0 ogid=0 rdev=00:00 nametype=NORMAL cap_fp=0 cap_fi=0 cap_fe=0 cap_fver=0 cap_frootid=0OUID="root" OGID="root"
type=PROCTITLE msg=audit(1782837704.210:5501): proctitle=2F62696E2F7368002D630063617420272F686F6D652F7175696E74657373656E7469616C2F2E6C6F63616C2F73686172652F706C61736D612F706C61736D6F6964732F6C756973626F63616E656772612E70616E656C2E636F6C6F72697A65722F6D657461646174612E6A736F6E27207C2067726570205C2256657273696F6E
type=SYSCALL msg=audit(1782837704.210:5502): arch=c000003e syscall=59 success=yes exit=0 a0=55c4daad2498 a1=55c4daad2000 a2=55c4daad2288 a3=4 items=3 ppid=224822 pid=224824 auid=1000 uid=1000 gid=1000 euid=1000 suid=1000 fsuid=1000 egid=1000 sgid=1000 fsgid=1000 tty=(none) ses=1 comm="grep" exe="/usr/bin/grep" subj=unconfined key="prism_execve"ARCH=x86_64 SYSCALL=execve AUID="quintessential" UID="quintessential" GID="quintessential" EUID="quintessential" SUID="quintessential" FSUID="quintessential" EGID="quintessential" SGID="quintessential" FSGID="quintessential"
type=EXECVE msg=audit(1782837704.210:5502): argc=2 a0="grep" a1=2256657273696F6E
type=CWD msg=audit(1782837704.210:5502): cwd="/home/quintessential"
type=PATH msg=audit(1782837704.210:5502): item=0 name="/usr/bin/grep" inode=11942454 dev=103:02 mode=0100755 ouid=0 ogid=0 rdev=00:00 nametype=NORMAL cap_fp=0 cap_fi=0 cap_fe=0 cap_fver=0 cap_frootid=0OUID="root" OGID="root"
type=PATH msg=audit(1782837704.210:5502): item=1 name="/usr/bin/grep" inode=11942454 dev=103:02 mode=0100755 ouid=0 ogid=0 rdev=00:00 nametype=NORMAL cap_fp=0 cap_fi=0 cap_fe=0 cap_fver=0 cap_frootid=0OUID="root" OGID="root"
type=PATH msg=audit(1782837704.210:5502): item=2 name="/lib64/ld-linux-x86-64.so.2" inode=11930925 dev=103:02 mode=0100755 ouid=0 ogid=0 rdev=00:00 nametype=NORMAL cap_fp=0 cap_fi=0 cap_fe=0 cap_fver=0 cap_frootid=0OUID="root" OGID="root"
type=PROCTITLE msg=audit(1782837704.210:5502): proctitle=67726570002256657273696F6E
type=SYSCALL msg=audit(1782837704.210:5503): arch=c000003e syscall=59 success=yes exit=0 a0=55c4daad2468 a1=55c4daad2060 a2=55c4daad2258 a3=4 items=3 ppid=224822 pid=224823 auid=1000 uid=1000 gid=1000 euid=1000 suid=1000 fsuid=1000 egid=1000 sgid=1000 fsgid=1000 tty=(none) ses=1 comm="cat" exe="/usr/bin/cat" subj=unconfined key="prism_execve"ARCH=x86_64 SYSCALL=execve AUID="quintessential" UID="quintessential" GID="quintessential" EUID="quintessential" SUID="quintessential" FSUID="quintessential" EGID="quintessential" SGID="quintessential" FSGID="quintessential"
type=EXECVE msg=audit(1782837704.210:5503): argc=2 a0="cat" a1="/home/quintessential/.local/share/plasma/plasmoids/luisbocanegra.panel.colorizer/metadata.json"
type=CWD msg=audit(1782837704.210:5503): cwd="/home/quintessential"
type=PATH msg=audit(1782837704.210:5503): item=0 name="/usr/bin/cat" inode=11951825 dev=103:02 mode=0100755 ouid=0 ogid=0 rdev=00:00 nametype=NORMAL cap_fp=0 cap_fi=0 cap_fe=0 cap_fver=0 cap_frootid=0OUID="root" OGID="root"
type=PATH msg=audit(1782837704.210:5503): item=1 name="/usr/bin/cat" inode=11951825 dev=103:02 mode=0100755 ouid=0 ogid=0 rdev=00:00 nametype=NORMAL cap_fp=0 cap_fi=0 cap_fe=0 cap_fver=0 cap_frootid=0OUID="root" OGID="root"
type=PATH msg=audit(1782837704.210:5503): item=2 name="/lib64/ld-linux-x86-64.so.2" inode=11930925 dev=103:02 mode=0100755 ouid=0 ogid=0 rdev=00:00 nametype=NORMAL cap_fp=0 cap_fi=0 cap_fe=0 cap_fver=0 cap_frootid=0OUID="root" OGID="root"
type=PROCTITLE msg=audit(1782837704.210:5503): proctitle=636174002F686F6D652F7175696E74657373656E7469616C2F2E6C6F63616C2F73686172652F706C61736D612F706C61736D6F6964732F6C756973626F63616E656772612E70616E656C2E636F6C6F72697A65722F6D657461646174612E6A736F6E
type=SYSCALL msg=audit(1782837704.210:5504): arch=c000003e syscall=59 success=yes exit=0 a0=55c4daad24f8 a1=55c4daad2010 a2=55c4daad22e8 a3=4 items=3 ppid=224822 pid=224825 auid=1000 uid=1000 gid=1000 euid=1000 suid=1000 fsuid=1000 egid=1000 sgid=1000 fsgid=1000 tty=(none) ses=1 comm="sed" exe="/usr/bin/sed" subj=unconfined key="prism_execve"ARCH=x86_64 SYSCALL=execve AUID="quintessential" UID="quintessential" GID="quintessential" EUID="quintessential" SUID="quintessential" FSUID="quintessential" EGID="quintessential" SGID="quintessential" FSGID="quintessential"
type=EXECVE msg=audit(1782837704.210:5504): argc=2 a0="sed" a1=732F2E2A202F2F3B732F5B222C5D2F2F67
type=CWD msg=audit(1782837704.210:5504): cwd="/home/quintessential"
type=PATH msg=audit(1782837704.210:5504): item=0 name="/usr/bin/sed" inode=11928663 dev=103:02 mode=0100755 ouid=0 ogid=0 rdev=00:00 nametype=NORMAL cap_fp=0 cap_fi=0 cap_fe=0 cap_fver=0 cap_frootid=0OUID="root" OGID="root"
type=PATH msg=audit(1782837704.210:5504): item=1 name="/usr/bin/sed" inode=11928663 dev=103:02 mode=0100755 ouid=0 ogid=0 rdev=00:00 nametype=NORMAL cap_fp=0 cap_fi=0 cap_fe=0 cap_fver=0 cap_frootid=0OUID="root" OGID="root"
type=PATH msg=audit(1782837704.210:5504): item=2 name="/lib64/ld-linux-x86-64.so.2" inode=11930925 dev=103:02 mode=0100755 ouid=0 ogid=0 rdev=00:00 nametype=NORMAL cap_fp=0 cap_fi=0 cap_fe=0 cap_fver=0 cap_frootid=0OUID="root" OGID="root"
type=PROCTITLE msg=audit(1782837704.210:5504): proctitle=73656400732F2E2A202F2F3B732F5B222C5D2F2F67
type=SYSCALL msg=audit(1782837704.210:5505): arch=c000003e syscall=257 success=yes exit=3 a0=ffffffffffffff9c a1=55b581cb36d5 a2=0 a3=0 items=1 ppid=224822 pid=224824 auid=1000 uid=1000 gid=1000 euid=1000 suid=1000 fsuid=1000 egid=1000 sgid=1000 fsgid=1000 tty=(none) ses=1 comm="grep" exe="/usr/bin/grep" subj=unconfined key="prism_proc_access"ARCH=x86_64 SYSCALL=openat AUID="quintessential" UID="quintessential" GID="quintessential" EUID="quintessential" SUID="quintessential" FSUID="quintessential" EGID="quintessential" SGID="quintessential" FSGID="quintessential"
type=CWD msg=audit(1782837704.210:5505): cwd="/home/quintessential"
type=PATH msg=audit(1782837704.210:5505): item=0 name="/proc/self/maps" inode=1430810 dev=00:17 mode=0100444 ouid=1000 ogid=1000 rdev=00:00 nametype=NORMAL cap_fp=0 cap_fi=0 cap_fe=0 cap_fver=0 cap_frootid=0OUID="quintessential" OGID="quintessential"
type=PROCTITLE msg=audit(1782837704.210:5505): proctitle=67726570002256657273696F6E
type=SYSCALL msg=audit(1782837704.210:5506): arch=c000003e syscall=257 success=yes exit=3 a0=ffffffffffffff9c a1=7f9f5f18620d a2=80000 a3=0 items=1 ppid=224822 pid=224825 auid=1000 uid=1000 gid=1000 euid=1000 suid=1000 fsuid=1000 egid=1000 sgid=1000 fsgid=1000 tty=(none) ses=1 comm="sed" exe="/usr/bin/sed" subj=unconfined key="prism_proc_access"ARCH=x86_64 SYSCALL=openat AUID="quintessential" UID="quintessential" GID="quintessential" EUID="quintessential" SUID="quintessential" FSUID="quintessential" EGID="quintessential" SGID="quintessential" FSGID="quintessential"
type=CWD msg=audit(1782837704.210:5506): cwd="/home/quintessential"
type=PATH msg=audit(1782837704.210:5506): item=0 name="/proc/filesystems" inode=4026532067 dev=00:17 mode=0100444 ouid=0 ogid=0 rdev=00:00 nametype=NORMAL cap_fp=0 cap_fi=0 cap_fe=0 cap_fver=0 cap_frootid=0OUID="root" OGID="root"
type=PROCTITLE msg=audit(1782837704.210:5506): proctitle=73656400732F2E2A202F2F3B732F5B222C5D2F2F67
type=SYSCALL msg=audit(1782837704.838:5507): arch=c000003e syscall=59 success=yes exit=0 a0=7ffc058f4050 a1=7ffc058f4070 a2=560c7ce56a00 a3=8 items=3 ppid=1 pid=224826 auid=4294967295 uid=0 gid=0 euid=0 suid=0 fsuid=0 egid=0 sgid=0 fsgid=0 tty=(none) ses=4294967295 comm="16" exe="/usr/lib/systemd/systemd-executor" subj=unconfined key="prism_execve"ARCH=x86_64 SYSCALL=execve AUID="unset" UID="root" GID="root" EUID="root" SUID="root" FSUID="root" EGID="root" SGID="root" FSGID="root"
type=EXECVE msg=audit(1782837704.838:5507): argc=7 a0="/usr/lib/systemd/systemd-executor" a1="--deserialize" a2="97" a3="--log-level" a4="info" a5="--log-target" a6="journal-or-kmsg"
type=CWD msg=audit(1782837704.838:5507): cwd="/"
type=PATH msg=audit(1782837704.838:5507): item=0 name="/proc/self/fd/16" inode=12004750 dev=103:02 mode=0100755 ouid=0 ogid=0 rdev=00:00 nametype=NORMAL cap_fp=0 cap_fi=0 cap_fe=0 cap_fver=0 cap_frootid=0OUID="root" OGID="root"
type=PATH msg=audit(1782837704.838:5507): item=1 name="/proc/self/fd/16" inode=1430813 dev=00:17 mode=0120000 ouid=0 ogid=0 rdev=00:00 nametype=NORMAL cap_fp=0 cap_fi=0 cap_fe=0 cap_fver=0 cap_frootid=0OUID="root" OGID="root"
type=PATH msg=audit(1782837704.838:5507): item=2 name="/lib64/ld-linux-x86-64.so.2" inode=11930925 dev=103:02 mode=0100755 ouid=0 ogid=0 rdev=00:00 nametype=NORMAL cap_fp=0 cap_fi=0 cap_fe=0 cap_fver=0 cap_frootid=0OUID="root" OGID="root"
type=PROCTITLE msg=audit(1782837704.838:5507): proctitle=2F7573722F6C69622F73797374656D642F73797374656D642D6578656375746F72002D2D646573657269616C697A65003937002D2D6C6F672D6C6576656C00696E666F002D2D6C6F672D746172676574006A6F75726E616C2D6F722D6B6D7367
type=SERVICE_START msg=audit(1782837704.838:5508): pid=1 uid=0 auid=4294967295 ses=4294967295 subj=unconfined msg='unit=sysreptor comm="systemd" exe="/usr/lib/systemd/systemd" hostname=? addr=? terminal=? res=success'UID="root" AUID="unset"
type=SYSCALL msg=audit(1782837704.842:5509): arch=c000003e syscall=257 success=yes exit=3 a0=ffffffffffffff9c a1=7f374079d989 a2=80000 a3=0 items=1 ppid=1 pid=224826 auid=4294967295 uid=0 gid=0 euid=0 suid=0 fsuid=0 egid=0 sgid=0 fsgid=0 tty=(none) ses=4294967295 comm="16" exe="/usr/lib/systemd/systemd-executor" subj=unconfined key="prism_proc_access"ARCH=x86_64 SYSCALL=openat AUID="unset" UID="root" GID="root" EUID="root" SUID="root" FSUID="root" EGID="root" SGID="root" FSGID="root"
type=CWD msg=audit(1782837704.842:5509): cwd="/"
type=PATH msg=audit(1782837704.842:5509): item=0 name="/proc/sys/kernel/cap_last_cap" inode=5647 dev=00:17 mode=0100444 ouid=0 ogid=0 rdev=00:00 nametype=NORMAL cap_fp=0 cap_fi=0 cap_fe=0 cap_fver=0 cap_frootid=0OUID="root" OGID="root"
type=PROCTITLE msg=audit(1782837704.842:5509): proctitle=2F7573722F6C69622F73797374656D642F73797374656D642D6578656375746F72002D2D646573657269616C697A65003937002D2D6C6F672D6C6576656C00696E666F002D2D6C6F672D746172676574006A6F75726E616C2D6F722D6B6D7367
type=SYSCALL msg=audit(1782837704.842:5510): arch=c000003e syscall=257 success=yes exit=3 a0=ffffff9c a1=7f3740790db3 a2=90800 a3=0 items=1 ppid=1 pid=224826 auid=4294967295 uid=0 gid=0 euid=0 suid=0 fsuid=0 egid=0 sgid=0 fsgid=0 tty=(none) ses=4294967295 comm="16" exe="/usr/lib/systemd/systemd-executor" subj=unconfined key="prism_proc_access"ARCH=x86_64 SYSCALL=openat AUID="unset" UID="root" GID="root" EUID="root" SUID="root" FSUID="root" EGID="root" SGID="root" FSGID="root"
type=CWD msg=audit(1782837704.842:5510): cwd="/"
type=PATH msg=audit(1782837704.842:5510): item=0 name="/proc/self/fd" inode=1430812 dev=00:17 mode=040500 ouid=0 ogid=0 rdev=00:00 nametype=NORMAL cap_fp=0 cap_fi=0 cap_fe=0 cap_fver=0 cap_frootid=0OUID="root" OGID="root"
type=PROCTITLE msg=audit(1782837704.842:5510): proctitle=2F7573722F6C69622F73797374656D642F73797374656D642D6578656375746F72002D2D646573657269616C697A65003937002D2D6C6F672D6C6576656C00696E666F002D2D6C6F672D746172676574006A6F75726E616C2D6F722D6B6D7367
type=SYSCALL msg=audit(1782837704.842:5511): arch=c000003e syscall=257 success=yes exit=3 a0=ffffffffffffff9c a1=7f3740cbf20d a2=80000 a3=0 items=1 ppid=1 pid=224826 auid=4294967295 uid=0 gid=0 euid=0 suid=0 fsuid=0 egid=0 sgid=0 fsgid=0 tty=(none) ses=4294967295 comm="16" exe="/usr/lib/systemd/systemd-executor" subj=unconfined key="prism_proc_access"ARCH=x86_64 SYSCALL=openat AUID="unset" UID="root" GID="root" EUID="root" SUID="root" FSUID="root" EGID="root" SGID="root" FSGID="root"
type=CWD msg=audit(1782837704.842:5511): cwd="/"
type=PATH msg=audit(1782837704.842:5511): item=0 name="/proc/filesystems" inode=4026532067 dev=00:17 mode=0100444 ouid=0 ogid=0 rdev=00:00 nametype=NORMAL cap_fp=0 cap_fi=0 cap_fe=0 cap_fver=0 cap_frootid=0OUID="root" OGID="root"
type=PROCTITLE msg=audit(1782837704.842:5511): proctitle=2F7573722F6C69622F73797374656D642F73797374656D642D6578656375746F72002D2D646573657269616C697A65003937002D2D6C6F672D6C6576656C00696E666F002D2D6C6F672D746172676574006A6F75726E616C2D6F722D6B6D7367
type=SYSCALL msg=audit(1782837704.842:5512): arch=c000003e syscall=257 success=yes exit=3 a0=ffffffffffffff9c a1=7f374079ebf8 a2=80000 a3=0 items=1 ppid=1 pid=224826 auid=4294967295 uid=0 gid=0 euid=0 suid=0 fsuid=0 egid=0 sgid=0 fsgid=0 tty=(none) ses=4294967295 comm="16" exe="/usr/lib/systemd/systemd-executor" subj=unconfined key="prism_proc_access"ARCH=x86_64 SYSCALL=openat AUID="unset" UID="root" GID="root" EUID="root" SUID="root" FSUID="root" EGID="root" SGID="root" FSGID="root"
type=CWD msg=audit(1782837704.842:5512): cwd="/"
type=PATH msg=audit(1782837704.842:5512): item=0 name="/proc/sys/fs/nr_open" inode=10255 dev=00:17 mode=0100644 ouid=0 ogid=0 rdev=00:00 nametype=NORMAL cap_fp=0 cap_fi=0 cap_fe=0 cap_fver=0 cap_frootid=0OUID="root" OGID="root"
type=PROCTITLE msg=audit(1782837704.842:5512): proctitle=2F7573722F6C69622F73797374656D642F73797374656D642D6578656375746F72002D2D646573657269616C697A65003937002D2D6C6F672D6C6576656C00696E666F002D2D6C6F672D746172676574006A6F75726E616C2D6F722D6B6D7367
type=SYSCALL msg=audit(1782837704.842:5513): arch=c000003e syscall=257 success=yes exit=3 a0=ffffff9c a1=7f37403b6777 a2=80000 a3=0 items=1 ppid=1 pid=224826 auid=4294967295 uid=0 gid=0 euid=0 suid=0 fsuid=0 egid=0 sgid=0 fsgid=0 tty=(none) ses=4294967295 comm="(python3)" exe="/usr/lib/systemd/systemd-executor" subj=unconfined key="prism_proc_access"ARCH=x86_64 SYSCALL=openat AUID="unset" UID="root" GID="root" EUID="root" SUID="root" FSUID="root" EGID="root" SGID="root" FSGID="root"
type=CWD msg=audit(1782837704.842:5513): cwd="/"
type=PATH msg=audit(1782837704.842:5513): item=0 name="/proc/sys/kernel/ngroups_max" inode=17444 dev=00:17 mode=0100444 ouid=0 ogid=0 rdev=00:00 nametype=NORMAL cap_fp=0 cap_fi=0 cap_fe=0 cap_fver=0 cap_frootid=0OUID="root" OGID="root"
type=PROCTITLE msg=audit(1782837704.842:5513): proctitle=2F7573722F6C69622F73797374656D642F73797374656D642D6578656375746F72002D2D646573657269616C697A65003937002D2D6C6F672D6C6576656C00696E666F002D2D6C6F672D746172676574006A6F75726E616C2D6F722D6B6D7367
type=SYSCALL msg=audit(1782837704.842:5514): arch=c000003e syscall=257 success=yes exit=3 a0=ffffffffffffff9c a1=7f37401406e8 a2=80100 a3=0 items=1 ppid=1 pid=224826 auid=4294967295 uid=0 gid=0 euid=0 suid=0 fsuid=0 egid=0 sgid=0 fsgid=0 tty=(none) ses=4294967295 comm="(python3)" exe="/usr/lib/systemd/systemd-executor" subj=unconfined key="prism_proc_access"ARCH=x86_64 SYSCALL=openat AUID="unset" UID="root" GID="root" EUID="root" SUID="root" FSUID="root" EGID="root" SGID="root" FSGID="root"
type=CWD msg=audit(1782837704.842:5514): cwd="/"
type=PATH msg=audit(1782837704.842:5514): item=0 name="/proc/sys/kernel/random/boot_id" inode=3813 dev=00:17 mode=0100444 ouid=0 ogid=0 rdev=00:00 nametype=NORMAL cap_fp=0 cap_fi=0 cap_fe=0 cap_fver=0 cap_frootid=0OUID="root" OGID="root"
type=PROCTITLE msg=audit(1782837704.842:5514): proctitle=2F7573722F6C69622F73797374656D642F73797374656D642D6578656375746F72002D2D646573657269616C697A65003937002D2D6C6F672D6C6576656C00696E666F002D2D6C6F672D746172676574006A6F75726E616C2D6F722D6B6D7367
type=SYSCALL msg=audit(1782837704.878:5515): arch=c000003e syscall=257 success=yes exit=3 a0=ffffffffffffff9c a1=7f37407a07c0 a2=80100 a3=0 items=1 ppid=1 pid=224826 auid=4294967295 uid=0 gid=0 euid=0 suid=0 fsuid=0 egid=0 sgid=0 fsgid=0 tty=(none) ses=4294967295 comm="(python3)" exe="/usr/lib/systemd/systemd-executor" subj=unconfined key="prism_proc_access"ARCH=x86_64 SYSCALL=openat AUID="unset" UID="root" GID="root" EUID="root" SUID="root" FSUID="root" EGID="root" SGID="root" FSGID="root"
type=CWD msg=audit(1782837704.878:5515): cwd="/"
type=PATH msg=audit(1782837704.878:5515): item=0 name="/proc/pressure/cpu" inode=4026532059 dev=00:17 mode=0100666 ouid=0 ogid=0 rdev=00:00 nametype=NORMAL cap_fp=0 cap_fi=0 cap_fe=0 cap_fver=0 cap_frootid=0OUID="root" OGID="root"
type=PROCTITLE msg=audit(1782837704.878:5515): proctitle=2F7573722F6C69622F73797374656D642F73797374656D642D6578656375746F72002D2D646573657269616C697A65003937002D2D6C6F672D6C6576656C00696E666F002D2D6C6F672D746172676574006A6F75726E616C2D6F722D6B6D7367
type=SYSCALL msg=audit(1782837704.878:5516): arch=c000003e syscall=257 success=yes exit=3 a0=ffffffffffffff9c a1=7f37407a07d3 a2=80100 a3=0 items=1 ppid=1 pid=224826 auid=4294967295 uid=0 gid=0 euid=0 suid=0 fsuid=0 egid=0 sgid=0 fsgid=0 tty=(none) ses=4294967295 comm="(python3)" exe="/usr/lib/systemd/systemd-executor" subj=unconfined key="prism_proc_access"ARCH=x86_64 SYSCALL=openat AUID="unset" UID="root" GID="root" EUID="root" SUID="root" FSUID="root" EGID="root" SGID="root" FSGID="root"
type=CWD msg=audit(1782837704.878:5516): cwd="/"
type=PATH msg=audit(1782837704.878:5516): item=0 name="/proc/pressure/io" inode=4026532057 dev=00:17 mode=0100666 ouid=0 ogid=0 rdev=00:00 nametype=NORMAL cap_fp=0 cap_fi=0 cap_fe=0 cap_fver=0 cap_frootid=0OUID="root" OGID="root"
type=PROCTITLE msg=audit(1782837704.878:5516): proctitle=2F7573722F6C69622F73797374656D642F73797374656D642D6578656375746F72002D2D646573657269616C697A65003937002D2D6C6F672D6C6576656C00696E666F002D2D6C6F672D746172676574006A6F75726E616C2D6F722D6B6D7367
type=SYSCALL msg=audit(1782837704.878:5517): arch=c000003e syscall=257 success=yes exit=3 a0=ffffffffffffff9c a1=7f37407a07e5 a2=80100 a3=0 items=1 ppid=1 pid=224826 auid=4294967295 uid=0 gid=0 euid=0 suid=0 fsuid=0 egid=0 sgid=0 fsgid=0 tty=(none) ses=4294967295 comm="(python3)" exe="/usr/lib/systemd/systemd-executor" subj=unconfined key="prism_proc_access"ARCH=x86_64 SYSCALL=openat AUID="unset" UID="root" GID="root" EUID="root" SUID="root" FSUID="root" EGID="root" SGID="root" FSGID="root"
type=CWD msg=audit(1782837704.878:5517): cwd="/"
type=PATH msg=audit(1782837704.878:5517): item=0 name="/proc/pressure/memory" inode=4026532058 dev=00:17 mode=0100666 ouid=0 ogid=0 rdev=00:00 nametype=NORMAL cap_fp=0 cap_fi=0 cap_fe=0 cap_fver=0 cap_frootid=0OUID="root" OGID="root"
type=PROCTITLE msg=audit(1782837704.878:5517): proctitle=2F7573722F6C69622F73797374656D642F73797374656D642D6578656375746F72002D2D646573657269616C697A65003937002D2D6C6F672D6C6576656C00696E666F002D2D6C6F672D746172676574006A6F75726E616C2D6F722D6B6D7367
type=SYSCALL msg=audit(1782837704.878:5518): arch=c000003e syscall=59 success=yes exit=0 a0=55880f99c490 a1=55880f9a9410 a2=55880f99b460 a3=0 items=3 ppid=1 pid=224826 auid=4294967295 uid=1000 gid=1000 euid=1000 suid=1000 fsuid=1000 egid=1000 sgid=1000 fsgid=1000 tty=(none) ses=4294967295 comm="python3" exe="/usr/bin/python3.13" subj=unconfined key="prism_execve"ARCH=x86_64 SYSCALL=execve AUID="unset" UID="quintessential" GID="quintessential" EUID="quintessential" SUID="quintessential" FSUID="quintessential" EGID="quintessential" SGID="quintessential" FSGID="quintessential"
type=EXECVE msg=audit(1782837704.878:5518): argc=4 a0="/usr/bin/python3" a1="manage.py" a2="runserver" a3="0.0.0.0:8000"
type=CWD msg=audit(1782837704.878:5518): cwd="/home/quintessential/sysreptor"
type=PATH msg=audit(1782837704.878:5518): item=0 name="/usr/bin/python3" inode=11931279 dev=103:02 mode=0100755 ouid=0 ogid=0 rdev=00:00 nametype=NORMAL cap_fp=0 cap_fi=0 cap_fe=0 cap_fver=0 cap_frootid=0OUID="root" OGID="root"
type=PATH msg=audit(1782837704.878:5518): item=1 name="/usr/bin/python3" inode=11967605 dev=103:02 mode=0120777 ouid=0 ogid=0 rdev=00:00 nametype=NORMAL cap_fp=0 cap_fi=0 cap_fe=0 cap_fver=0 cap_frootid=0OUID="root" OGID="root"
type=PATH msg=audit(1782837704.878:5518): item=2 name="/lib64/ld-linux-x86-64.so.2" inode=11930925 dev=103:02 mode=0100755 ouid=0 ogid=0 rdev=00:00 nametype=NORMAL cap_fp=0 cap_fi=0 cap_fe=0 cap_fver=0 cap_frootid=0OUID="root" OGID="root"
type=PROCTITLE msg=audit(1782837704.878:5518): proctitle=2F7573722F6C69622F73797374656D642F73797374656D642D6578656375746F72002D2D646573657269616C697A65003937002D2D6C6F672D6C6576656C00696E666F002D2D6C6F672D746172676574006A6F75726E616C2D6F722D6B6D7367
type=SYSCALL msg=audit(1782837704.878:5519): arch=c000003e syscall=2 success=yes exit=3 a0=775ae0 a1=0 a2=0 a3=a25920 items=1 ppid=1 pid=224826 auid=4294967295 uid=1000 gid=1000 euid=1000 suid=1000 fsuid=1000 egid=1000 sgid=1000 fsgid=1000 tty=(none) ses=4294967295 comm="python3" exe="/usr/bin/python3.13" subj=unconfined key="prism_proc_access"ARCH=x86_64 SYSCALL=open AUID="unset" UID="quintessential" GID="quintessential" EUID="quintessential" SUID="quintessential" FSUID="quintessential" EGID="quintessential" SGID="quintessential" FSGID="quintessential"
type=CWD msg=audit(1782837704.878:5519): cwd="/home/quintessential/sysreptor"
type=PATH msg=audit(1782837704.878:5519): item=0 name="/proc/sys/vm/overcommit_memory" inode=11146 dev=00:17 mode=0100644 ouid=0 ogid=0 rdev=00:00 nametype=NORMAL cap_fp=0 cap_fi=0 cap_fe=0 cap_fver=0 cap_frootid=0OUID="root" OGID="root"
type=PROCTITLE msg=audit(1782837704.878:5519): proctitle=2F7573722F6C69622F73797374656D642F73797374656D642D6578656375746F72002D2D646573657269616C697A65003937002D2D6C6F672D6C6576656C00696E666F002D2D6C6F672D746172676574006A6F75726E616C2D6F722D6B6D7367
type=SERVICE_STOP msg=audit(1782837704.890:5520): pid=1 uid=0 auid=4294967295 ses=4294967295 subj=unconfined msg='unit=sysreptor comm="systemd" exe="/usr/lib/systemd/systemd" hostname=? addr=? terminal=? res=failed'UID="root" AUID="unset"
type=SYSCALL msg=audit(1782837705.698:5521): arch=c000003e syscall=59 success=yes exit=0 a0=55f71eda4d20 a1=55f71eda6b50 a2=55f71eda6060 a3=21 items=3 ppid=223290 pid=224828 auid=1000 uid=1000 gid=1000 euid=1000 suid=1000 fsuid=1000 egid=1000 sgid=1000 fsgid=1000 tty=pts1 ses=1 comm="sleep" exe="/usr/bin/sleep" subj=unconfined key="prism_execve"ARCH=x86_64 SYSCALL=execve AUID="quintessential" UID="quintessential" GID="quintessential" EUID="quintessential" SUID="quintessential" FSUID="quintessential" EGID="quintessential" SGID="quintessential" FSGID="quintessential"
type=EXECVE msg=audit(1782837705.698:5521): argc=2 a0="sleep" a1="60"
type=CWD msg=audit(1782837705.698:5521): cwd="/home/quintessential/Documents/6841/ass1/project-prism"
type=PATH msg=audit(1782837705.698:5521): item=0 name="/usr/bin/sleep" inode=11981809 dev=103:02 mode=0100755 ouid=0 ogid=0 rdev=00:00 nametype=NORMAL cap_fp=0 cap_fi=0 cap_fe=0 cap_fver=0 cap_frootid=0OUID="root" OGID="root"
type=PATH msg=audit(1782837705.698:5521): item=1 name="/usr/bin/sleep" inode=11981809 dev=103:02 mode=0100755 ouid=0 ogid=0 rdev=00:00 nametype=NORMAL cap_fp=0 cap_fi=0 cap_fe=0 cap_fver=0 cap_frootid=0OUID="root" OGID="root"
type=PATH msg=audit(1782837705.698:5521): item=2 name="/lib64/ld-linux-x86-64.so.2" inode=11930925 dev=103:02 mode=0100755 ouid=0 ogid=0 rdev=00:00 nametype=NORMAL cap_fp=0 cap_fi=0 cap_fe=0 cap_fver=0 cap_frootid=0OUID="root" OGID="root"
type=PROCTITLE msg=audit(1782837705.698:5521): proctitle=736C656570003630
type=SYSCALL msg=audit(1782837708.090:5522): arch=c000003e syscall=59 success=yes exit=0 a0=7ffc058f4050 a1=7ffc058f4070 a2=560c7ce56a00 a3=8 items=3 ppid=1 pid=224829 auid=4294967295 uid=0 gid=0 euid=0 suid=0 fsuid=0 egid=0 sgid=0 fsgid=0 tty=(none) ses=4294967295 comm="16" exe="/usr/lib/systemd/systemd-executor" subj=unconfined key="prism_execve"ARCH=x86_64 SYSCALL=execve AUID="unset" UID="root" GID="root" EUID="root" SUID="root" FSUID="root" EGID="root" SGID="root" FSGID="root"
type=EXECVE msg=audit(1782837708.090:5522): argc=7 a0="/usr/lib/systemd/systemd-executor" a1="--deserialize" a2="97" a3="--log-level" a4="info" a5="--log-target" a6="journal-or-kmsg"
type=CWD msg=audit(1782837708.090:5522): cwd="/"
type=PATH msg=audit(1782837708.090:5522): item=0 name="/proc/self/fd/16" inode=12004750 dev=103:02 mode=0100755 ouid=0 ogid=0 rdev=00:00 nametype=NORMAL cap_fp=0 cap_fi=0 cap_fe=0 cap_fver=0 cap_frootid=0OUID="root" OGID="root"
type=PATH msg=audit(1782837708.090:5522): item=1 name="/proc/self/fd/16" inode=1428133 dev=00:17 mode=0120000 ouid=0 ogid=0 rdev=00:00 nametype=NORMAL cap_fp=0 cap_fi=0 cap_fe=0 cap_fver=0 cap_frootid=0OUID="root" OGID="root"
type=PATH msg=audit(1782837708.090:5522): item=2 name="/lib64/ld-linux-x86-64.so.2" inode=11930925 dev=103:02 mode=0100755 ouid=0 ogid=0 rdev=00:00 nametype=NORMAL cap_fp=0 cap_fi=0 cap_fe=0 cap_fver=0 cap_frootid=0OUID="root" OGID="root"
type=PROCTITLE msg=audit(1782837708.090:5522): proctitle=2F7573722F6C69622F73797374656D642F73797374656D642D6578656375746F72002D2D646573657269616C697A65003937002D2D6C6F672D6C6576656C00696E666F002D2D6C6F672D746172676574006A6F75726E616C2D6F722D6B6D7367
type=SERVICE_START msg=audit(1782837708.090:5523): pid=1 uid=0 auid=4294967295 ses=4294967295 subj=unconfined msg='unit=sysreptor comm="systemd" exe="/usr/lib/systemd/systemd" hostname=? addr=? terminal=? res=success'UID="root" AUID="unset"
type=SYSCALL msg=audit(1782837708.090:5524): arch=c000003e syscall=257 success=yes exit=3 a0=ffffffffffffff9c a1=7f0b5479d989 a2=80000 a3=0 items=1 ppid=1 pid=224829 auid=4294967295 uid=0 gid=0 euid=0 suid=0 fsuid=0 egid=0 sgid=0 fsgid=0 tty=(none) ses=4294967295 comm="16" exe="/usr/lib/systemd/systemd-executor" subj=unconfined key="prism_proc_access"ARCH=x86_64 SYSCALL=openat AUID="unset" UID="root" GID="root" EUID="root" SUID="root" FSUID="root" EGID="root" SGID="root" FSGID="root"
type=CWD msg=audit(1782837708.090:5524): cwd="/"
type=PATH msg=audit(1782837708.090:5524): item=0 name="/proc/sys/kernel/cap_last_cap" inode=5647 dev=00:17 mode=0100444 ouid=0 ogid=0 rdev=00:00 nametype=NORMAL cap_fp=0 cap_fi=0 cap_fe=0 cap_fver=0 cap_frootid=0OUID="root" OGID="root"
type=PROCTITLE msg=audit(1782837708.090:5524): proctitle=2F7573722F6C69622F73797374656D642F73797374656D642D6578656375746F72002D2D646573657269616C697A65003937002D2D6C6F672D6C6576656C00696E666F002D2D6C6F672D746172676574006A6F75726E616C2D6F722D6B6D7367
type=SYSCALL msg=audit(1782837708.090:5525): arch=c000003e syscall=257 success=yes exit=3 a0=ffffff9c a1=7f0b54790db3 a2=90800 a3=0 items=1 ppid=1 pid=224829 auid=4294967295 uid=0 gid=0 euid=0 suid=0 fsuid=0 egid=0 sgid=0 fsgid=0 tty=(none) ses=4294967295 comm="16" exe="/usr/lib/systemd/systemd-executor" subj=unconfined key="prism_proc_access"ARCH=x86_64 SYSCALL=openat AUID="unset" UID="root" GID="root" EUID="root" SUID="root" FSUID="root" EGID="root" SGID="root" FSGID="root"
type=CWD msg=audit(1782837708.090:5525): cwd="/"
type=PATH msg=audit(1782837708.090:5525): item=0 name="/proc/self/fd" inode=1428132 dev=00:17 mode=040500 ouid=0 ogid=0 rdev=00:00 nametype=NORMAL cap_fp=0 cap_fi=0 cap_fe=0 cap_fver=0 cap_frootid=0OUID="root" OGID="root"
type=PROCTITLE msg=audit(1782837708.090:5525): proctitle=2F7573722F6C69622F73797374656D642F73797374656D642D6578656375746F72002D2D646573657269616C697A65003937002D2D6C6F672D6C6576656C00696E666F002D2D6C6F672D746172676574006A6F75726E616C2D6F722D6B6D7367
type=SYSCALL msg=audit(1782837708.090:5526): arch=c000003e syscall=257 success=yes exit=3 a0=ffffffffffffff9c a1=7f0b549a320d a2=80000 a3=0 items=1 ppid=1 pid=224829 auid=4294967295 uid=0 gid=0 euid=0 suid=0 fsuid=0 egid=0 sgid=0 fsgid=0 tty=(none) ses=4294967295 comm="16" exe="/usr/lib/systemd/systemd-executor" subj=unconfined key="prism_proc_access"ARCH=x86_64 SYSCALL=openat AUID="unset" UID="root" GID="root" EUID="root" SUID="root" FSUID="root" EGID="root" SGID="root" FSGID="root"
type=CWD msg=audit(1782837708.090:5526): cwd="/"
type=PATH msg=audit(1782837708.090:5526): item=0 name="/proc/filesystems" inode=4026532067 dev=00:17 mode=0100444 ouid=0 ogid=0 rdev=00:00 nametype=NORMAL cap_fp=0 cap_fi=0 cap_fe=0 cap_fver=0 cap_frootid=0OUID="root" OGID="root"
type=PROCTITLE msg=audit(1782837708.090:5526): proctitle=2F7573722F6C69622F73797374656D642F73797374656D642D6578656375746F72002D2D646573657269616C697A65003937002D2D6C6F672D6C6576656C00696E666F002D2D6C6F672D746172676574006A6F75726E616C2D6F722D6B6D7367
type=SYSCALL msg=audit(1782837708.094:5527): arch=c000003e syscall=257 success=yes exit=3 a0=ffffffffffffff9c a1=7f0b5479ebf8 a2=80000 a3=0 items=1 ppid=1 pid=224829 auid=4294967295 uid=0 gid=0 euid=0 suid=0 fsuid=0 egid=0 sgid=0 fsgid=0 tty=(none) ses=4294967295 comm="16" exe="/usr/lib/systemd/systemd-executor" subj=unconfined key="prism_proc_access"ARCH=x86_64 SYSCALL=openat AUID="unset" UID="root" GID="root" EUID="root" SUID="root" FSUID="root" EGID="root" SGID="root" FSGID="root"
type=CWD msg=audit(1782837708.094:5527): cwd="/"
type=PATH msg=audit(1782837708.094:5527): item=0 name="/proc/sys/fs/nr_open" inode=10255 dev=00:17 mode=0100644 ouid=0 ogid=0 rdev=00:00 nametype=NORMAL cap_fp=0 cap_fi=0 cap_fe=0 cap_fver=0 cap_frootid=0OUID="root" OGID="root"
type=PROCTITLE msg=audit(1782837708.094:5527): proctitle=2F7573722F6C69622F73797374656D642F73797374656D642D6578656375746F72002D2D646573657269616C697A65003937002D2D6C6F672D6C6576656C00696E666F002D2D6C6F672D746172676574006A6F75726E616C2D6F722D6B6D7367
type=SYSCALL msg=audit(1782837708.094:5528): arch=c000003e syscall=257 success=yes exit=3 a0=ffffff9c a1=7f0b543b6777 a2=80000 a3=0 items=1 ppid=1 pid=224829 auid=4294967295 uid=0 gid=0 euid=0 suid=0 fsuid=0 egid=0 sgid=0 fsgid=0 tty=(none) ses=4294967295 comm="(python3)" exe="/usr/lib/systemd/systemd-executor" subj=unconfined key="prism_proc_access"ARCH=x86_64 SYSCALL=openat AUID="unset" UID="root" GID="root" EUID="root" SUID="root" FSUID="root" EGID="root" SGID="root" FSGID="root"
type=CWD msg=audit(1782837708.094:5528): cwd="/"
type=PATH msg=audit(1782837708.094:5528): item=0 name="/proc/sys/kernel/ngroups_max" inode=17444 dev=00:17 mode=0100444 ouid=0 ogid=0 rdev=00:00 nametype=NORMAL cap_fp=0 cap_fi=0 cap_fe=0 cap_fver=0 cap_frootid=0OUID="root" OGID="root"
type=PROCTITLE msg=audit(1782837708.094:5528): proctitle=2F7573722F6C69622F73797374656D642F73797374656D642D6578656375746F72002D2D646573657269616C697A65003937002D2D6C6F672D6C6576656C00696E666F002D2D6C6F672D746172676574006A6F75726E616C2D6F722D6B6D7367
type=SYSCALL msg=audit(1782837708.094:5529): arch=c000003e syscall=257 success=yes exit=3 a0=ffffffffffffff9c a1=7f0b539386e8 a2=80100 a3=0 items=1 ppid=1 pid=224829 auid=4294967295 uid=0 gid=0 euid=0 suid=0 fsuid=0 egid=0 sgid=0 fsgid=0 tty=(none) ses=4294967295 comm="(python3)" exe="/usr/lib/systemd/systemd-executor" subj=unconfined key="prism_proc_access"ARCH=x86_64 SYSCALL=openat AUID="unset" UID="root" GID="root" EUID="root" SUID="root" FSUID="root" EGID="root" SGID="root" FSGID="root"
type=CWD msg=audit(1782837708.094:5529): cwd="/"
type=PATH msg=audit(1782837708.094:5529): item=0 name="/proc/sys/kernel/random/boot_id" inode=3813 dev=00:17 mode=0100444 ouid=0 ogid=0 rdev=00:00 nametype=NORMAL cap_fp=0 cap_fi=0 cap_fe=0 cap_fver=0 cap_frootid=0OUID="root" OGID="root"
type=PROCTITLE msg=audit(1782837708.094:5529): proctitle=2F7573722F6C69622F73797374656D642F73797374656D642D6578656375746F72002D2D646573657269616C697A65003937002D2D6C6F672D6C6576656C00696E666F002D2D6C6F672D746172676574006A6F75726E616C2D6F722D6B6D7367
type=SYSCALL msg=audit(1782837708.122:5530): arch=c000003e syscall=257 success=yes exit=3 a0=ffffffffffffff9c a1=7f0b547a07c0 a2=80100 a3=0 items=1 ppid=1 pid=224829 auid=4294967295 uid=0 gid=0 euid=0 suid=0 fsuid=0 egid=0 sgid=0 fsgid=0 tty=(none) ses=4294967295 comm="(python3)" exe="/usr/lib/systemd/systemd-executor" subj=unconfined key="prism_proc_access"ARCH=x86_64 SYSCALL=openat AUID="unset" UID="root" GID="root" EUID="root" SUID="root" FSUID="root" EGID="root" SGID="root" FSGID="root"
type=CWD msg=audit(1782837708.122:5530): cwd="/"
type=PATH msg=audit(1782837708.122:5530): item=0 name="/proc/pressure/cpu" inode=4026532059 dev=00:17 mode=0100666 ouid=0 ogid=0 rdev=00:00 nametype=NORMAL cap_fp=0 cap_fi=0 cap_fe=0 cap_fver=0 cap_frootid=0OUID="root" OGID="root"
type=PROCTITLE msg=audit(1782837708.122:5530): proctitle=2F7573722F6C69622F73797374656D642F73797374656D642D6578656375746F72002D2D646573657269616C697A65003937002D2D6C6F672D6C6576656C00696E666F002D2D6C6F672D746172676574006A6F75726E616C2D6F722D6B6D7367
type=SYSCALL msg=audit(1782837708.122:5531): arch=c000003e syscall=257 success=yes exit=3 a0=ffffffffffffff9c a1=7f0b547a07d3 a2=80100 a3=0 items=1 ppid=1 pid=224829 auid=4294967295 uid=0 gid=0 euid=0 suid=0 fsuid=0 egid=0 sgid=0 fsgid=0 tty=(none) ses=4294967295 comm="(python3)" exe="/usr/lib/systemd/systemd-executor" subj=unconfined key="prism_proc_access"ARCH=x86_64 SYSCALL=openat AUID="unset" UID="root" GID="root" EUID="root" SUID="root" FSUID="root" EGID="root" SGID="root" FSGID="root"
type=CWD msg=audit(1782837708.122:5531): cwd="/"
type=PATH msg=audit(1782837708.122:5531): item=0 name="/proc/pressure/io" inode=4026532057 dev=00:17 mode=0100666 ouid=0 ogid=0 rdev=00:00 nametype=NORMAL cap_fp=0 cap_fi=0 cap_fe=0 cap_fver=0 cap_frootid=0OUID="root" OGID="root"
type=PROCTITLE msg=audit(1782837708.122:5531): proctitle=2F7573722F6C69622F73797374656D642F73797374656D642D6578656375746F72002D2D646573657269616C697A65003937002D2D6C6F672D6C6576656C00696E666F002D2D6C6F672D746172676574006A6F75726E616C2D6F722D6B6D7367
type=SYSCALL msg=audit(1782837708.122:5532): arch=c000003e syscall=257 success=yes exit=3 a0=ffffffffffffff9c a1=7f0b547a07e5 a2=80100 a3=0 items=1 ppid=1 pid=224829 auid=4294967295 uid=0 gid=0 euid=0 suid=0 fsuid=0 egid=0 sgid=0 fsgid=0 tty=(none) ses=4294967295 comm="(python3)" exe="/usr/lib/systemd/systemd-executor" subj=unconfined key="prism_proc_access"ARCH=x86_64 SYSCALL=openat AUID="unset" UID="root" GID="root" EUID="root" SUID="root" FSUID="root" EGID="root" SGID="root" FSGID="root"
type=CWD msg=audit(1782837708.122:5532): cwd="/"
type=PATH msg=audit(1782837708.122:5532): item=0 name="/proc/pressure/memory" inode=4026532058 dev=00:17 mode=0100666 ouid=0 ogid=0 rdev=00:00 nametype=NORMAL cap_fp=0 cap_fi=0 cap_fe=0 cap_fver=0 cap_frootid=0OUID="root" OGID="root"
type=PROCTITLE msg=audit(1782837708.122:5532): proctitle=2F7573722F6C69622F73797374656D642F73797374656D642D6578656375746F72002D2D646573657269616C697A65003937002D2D6C6F672D6C6576656C00696E666F002D2D6C6F672D746172676574006A6F75726E616C2D6F722D6B6D7367
type=SYSCALL msg=audit(1782837708.122:5533): arch=c000003e syscall=59 success=yes exit=0 a0=55eddff99490 a1=55eddffa6410 a2=55eddff98460 a3=0 items=3 ppid=1 pid=224829 auid=4294967295 uid=1000 gid=1000 euid=1000 suid=1000 fsuid=1000 egid=1000 sgid=1000 fsgid=1000 tty=(none) ses=4294967295 comm="python3" exe="/usr/bin/python3.13" subj=unconfined key="prism_execve"ARCH=x86_64 SYSCALL=execve AUID="unset" UID="quintessential" GID="quintessential" EUID="quintessential" SUID="quintessential" FSUID="quintessential" EGID="quintessential" SGID="quintessential" FSGID="quintessential"
type=EXECVE msg=audit(1782837708.122:5533): argc=4 a0="/usr/bin/python3" a1="manage.py" a2="runserver" a3="0.0.0.0:8000"
type=CWD msg=audit(1782837708.122:5533): cwd="/home/quintessential/sysreptor"
type=PATH msg=audit(1782837708.122:5533): item=0 name="/usr/bin/python3" inode=11931279 dev=103:02 mode=0100755 ouid=0 ogid=0 rdev=00:00 nametype=NORMAL cap_fp=0 cap_fi=0 cap_fe=0 cap_fver=0 cap_frootid=0OUID="root" OGID="root"
type=PATH msg=audit(1782837708.122:5533): item=1 name="/usr/bin/python3" inode=11967605 dev=103:02 mode=0120777 ouid=0 ogid=0 rdev=00:00 nametype=NORMAL cap_fp=0 cap_fi=0 cap_fe=0 cap_fver=0 cap_frootid=0OUID="root" OGID="root"
type=PATH msg=audit(1782837708.122:5533): item=2 name="/lib64/ld-linux-x86-64.so.2" inode=11930925 dev=103:02 mode=0100755 ouid=0 ogid=0 rdev=00:00 nametype=NORMAL cap_fp=0 cap_fi=0 cap_fe=0 cap_fver=0 cap_frootid=0OUID="root" OGID="root"
type=PROCTITLE msg=audit(1782837708.122:5533): proctitle=2F7573722F6C69622F73797374656D642F73797374656D642D6578656375746F72002D2D646573657269616C697A65003937002D2D6C6F672D6C6576656C00696E666F002D2D6C6F672D746172676574006A6F75726E616C2D6F722D6B6D7367
type=SYSCALL msg=audit(1782837708.122:5534): arch=c000003e syscall=2 success=yes exit=3 a0=775ae0 a1=0 a2=0 a3=a25920 items=1 ppid=1 pid=224829 auid=4294967295 uid=1000 gid=1000 euid=1000 suid=1000 fsuid=1000 egid=1000 sgid=1000 fsgid=1000 tty=(none) ses=4294967295 comm="python3" exe="/usr/bin/python3.13" subj=unconfined key="prism_proc_access"ARCH=x86_64 SYSCALL=open AUID="unset" UID="quintessential" GID="quintessential" EUID="quintessential" SUID="quintessential" FSUID="quintessential" EGID="quintessential" SGID="quintessential" FSGID="quintessential"
type=CWD msg=audit(1782837708.122:5534): cwd="/home/quintessential/sysreptor"
type=PATH msg=audit(1782837708.122:5534): item=0 name="/proc/sys/vm/overcommit_memory" inode=11146 dev=00:17 mode=0100644 ouid=0 ogid=0 rdev=00:00 nametype=NORMAL cap_fp=0 cap_fi=0 cap_fe=0 cap_fver=0 cap_frootid=0OUID="root" OGID="root"
type=PROCTITLE msg=audit(1782837708.122:5534): proctitle=2F7573722F6C69622F73797374656D642F73797374656D642D6578656375746F72002D2D646573657269616C697A65003937002D2D6C6F672D6C6576656C00696E666F002D2D6C6F672D746172676574006A6F75726E616C2D6F722D6B6D7367
type=SERVICE_STOP msg=audit(1782837708.134:5535): pid=1 uid=0 auid=4294967295 ses=4294967295 subj=unconfined msg='unit=sysreptor comm="systemd" exe="/usr/lib/systemd/systemd" hostname=? addr=? terminal=? res=failed'UID="root" AUID="unset"
type=SYSCALL msg=audit(1782837708.190:5536): arch=c000003e syscall=59 success=yes exit=0 a0=55a0b8b33a60 a1=55a0b8b380c0 a2=55a0b8b31c70 a3=8 items=3 ppid=224801 pid=224832 auid=1000 uid=0 gid=0 euid=0 suid=0 fsuid=0 egid=0 sgid=0 fsgid=0 tty=pts3 ses=1 comm="tee" exe="/usr/bin/tee" subj=unconfined key="prism_execve"ARCH=x86_64 SYSCALL=execve AUID="quintessential" UID="root" GID="root" EUID="root" SUID="root" FSUID="root" EGID="root" SGID="root" FSGID="root"
type=EXECVE msg=audit(1782837708.190:5536): argc=3 a0="tee" a1="-a" a2="/home/quintessential/Documents/6841/ass1/project-prism/red/t1036_masquerade/../../logs/raw/t1036_rename_20260701T024143.log"
type=CWD msg=audit(1782837708.190:5536): cwd="/home/quintessential/Documents/6841/ass1/project-prism"
type=PATH msg=audit(1782837708.190:5536): item=0 name="/usr/bin/tee" inode=11990827 dev=103:02 mode=0100755 ouid=0 ogid=0 rdev=00:00 nametype=NORMAL cap_fp=0 cap_fi=0 cap_fe=0 cap_fver=0 cap_frootid=0OUID="root" OGID="root"
type=PATH msg=audit(1782837708.190:5536): item=1 name="/usr/bin/tee" inode=11990827 dev=103:02 mode=0100755 ouid=0 ogid=0 rdev=00:00 nametype=NORMAL cap_fp=0 cap_fi=0 cap_fe=0 cap_fver=0 cap_frootid=0OUID="root" OGID="root"
type=PATH msg=audit(1782837708.190:5536): item=2 name="/lib64/ld-linux-x86-64.so.2" inode=11930925 dev=103:02 mode=0100755 ouid=0 ogid=0 rdev=00:00 nametype=NORMAL cap_fp=0 cap_fi=0 cap_fe=0 cap_fver=0 cap_frootid=0OUID="root" OGID="root"
type=PROCTITLE msg=audit(1782837708.190:5536): proctitle=746565002D61002F686F6D652F7175696E74657373656E7469616C2F446F63756D656E74732F363834312F617373312F70726F6A6563742D707269736D2F7265642F74313033365F6D6173717565726164652F2E2E2F2E2E2F6C6F67732F7261772F74313033365F72656E616D655F3230323630373031543032343134332E6C
type=SYSCALL msg=audit(1782837708.190:5537): arch=c000003e syscall=59 success=yes exit=0 a0=55a0b8b36e30 a1=55a0b8b380c0 a2=55a0b8b31c70 a3=21 items=3 ppid=224801 pid=224833 auid=1000 uid=0 gid=0 euid=0 suid=0 fsuid=0 egid=0 sgid=0 fsgid=0 tty=pts3 ses=1 comm="rm" exe="/usr/bin/rm" subj=unconfined key="prism_execve"ARCH=x86_64 SYSCALL=execve AUID="quintessential" UID="root" GID="root" EUID="root" SUID="root" FSUID="root" EGID="root" SGID="root" FSGID="root"
type=EXECVE msg=audit(1782837708.190:5537): argc=3 a0="rm" a1="-f" a2="/tmp/systemd-helper"
type=CWD msg=audit(1782837708.190:5537): cwd="/home/quintessential/Documents/6841/ass1/project-prism"
type=PATH msg=audit(1782837708.190:5537): item=0 name="/usr/bin/rm" inode=11976033 dev=103:02 mode=0100755 ouid=0 ogid=0 rdev=00:00 nametype=NORMAL cap_fp=0 cap_fi=0 cap_fe=0 cap_fver=0 cap_frootid=0OUID="root" OGID="root"
type=PATH msg=audit(1782837708.190:5537): item=1 name="/usr/bin/rm" inode=11976033 dev=103:02 mode=0100755 ouid=0 ogid=0 rdev=00:00 nametype=NORMAL cap_fp=0 cap_fi=0 cap_fe=0 cap_fver=0 cap_frootid=0OUID="root" OGID="root"
type=PATH msg=audit(1782837708.190:5537): item=2 name="/lib64/ld-linux-x86-64.so.2" inode=11930925 dev=103:02 mode=0100755 ouid=0 ogid=0 rdev=00:00 nametype=NORMAL cap_fp=0 cap_fi=0 cap_fe=0 cap_fver=0 cap_frootid=0OUID="root" OGID="root"
type=PROCTITLE msg=audit(1782837708.190:5537): proctitle=726D002D66002F746D702F73797374656D642D68656C706572
type=SYSCALL msg=audit(1782837708.190:5538): arch=c000003e syscall=59 success=yes exit=0 a0=55a0b8b33a40 a1=55a0b8b37df0 a2=55a0b8b31c70 a3=8 items=3 ppid=224801 pid=224835 auid=1000 uid=0 gid=0 euid=0 suid=0 fsuid=0 egid=0 sgid=0 fsgid=0 tty=pts3 ses=1 comm="tee" exe="/usr/bin/tee" subj=unconfined key="prism_execve"ARCH=x86_64 SYSCALL=execve AUID="quintessential" UID="root" GID="root" EUID="root" SUID="root" FSUID="root" EGID="root" SGID="root" FSGID="root"
type=EXECVE msg=audit(1782837708.190:5538): argc=3 a0="tee" a1="-a" a2="/home/quintessential/Documents/6841/ass1/project-prism/red/t1036_masquerade/../../logs/raw/t1036_rename_20260701T024143.log"
type=CWD msg=audit(1782837708.190:5538): cwd="/home/quintessential/Documents/6841/ass1/project-prism"
type=PATH msg=audit(1782837708.190:5538): item=0 name="/usr/bin/tee" inode=11990827 dev=103:02 mode=0100755 ouid=0 ogid=0 rdev=00:00 nametype=NORMAL cap_fp=0 cap_fi=0 cap_fe=0 cap_fver=0 cap_frootid=0OUID="root" OGID="root"
type=PATH msg=audit(1782837708.190:5538): item=1 name="/usr/bin/tee" inode=11990827 dev=103:02 mode=0100755 ouid=0 ogid=0 rdev=00:00 nametype=NORMAL cap_fp=0 cap_fi=0 cap_fe=0 cap_fver=0 cap_frootid=0OUID="root" OGID="root"
type=PATH msg=audit(1782837708.190:5538): item=2 name="/lib64/ld-linux-x86-64.so.2" inode=11930925 dev=103:02 mode=0100755 ouid=0 ogid=0 rdev=00:00 nametype=NORMAL cap_fp=0 cap_fi=0 cap_fe=0 cap_fver=0 cap_frootid=0OUID="root" OGID="root"
type=PROCTITLE msg=audit(1782837708.190:5538): proctitle=746565002D61002F686F6D652F7175696E74657373656E7469616C2F446F63756D656E74732F363834312F617373312F70726F6A6563742D707269736D2F7265642F74313033365F6D6173717565726164652F2E2E2F2E2E2F6C6F67732F7261772F74313033365F72656E616D655F3230323630373031543032343134332E6C
type=SYSCALL msg=audit(1782837708.194:5539): arch=c000003e syscall=59 success=yes exit=0 a0=55775ffe6c00 a1=55775ffe5180 a2=55775ffe0c70 a3=0 items=3 ppid=224782 pid=224836 auid=1000 uid=0 gid=0 euid=0 suid=0 fsuid=0 egid=0 sgid=0 fsgid=0 tty=pts3 ses=1 comm="sleep" exe="/usr/bin/sleep" subj=unconfined key="prism_execve"ARCH=x86_64 SYSCALL=execve AUID="quintessential" UID="root" GID="root" EUID="root" SUID="root" FSUID="root" EGID="root" SGID="root" FSGID="root"
type=EXECVE msg=audit(1782837708.194:5539): argc=2 a0="sleep" a1="2"
type=CWD msg=audit(1782837708.194:5539): cwd="/home/quintessential/Documents/6841/ass1/project-prism"
type=PATH msg=audit(1782837708.194:5539): item=0 name="/usr/bin/sleep" inode=11981809 dev=103:02 mode=0100755 ouid=0 ogid=0 rdev=00:00 nametype=NORMAL cap_fp=0 cap_fi=0 cap_fe=0 cap_fver=0 cap_frootid=0OUID="root" OGID="root"
type=PATH msg=audit(1782837708.194:5539): item=1 name="/usr/bin/sleep" inode=11981809 dev=103:02 mode=0100755 ouid=0 ogid=0 rdev=00:00 nametype=NORMAL cap_fp=0 cap_fi=0 cap_fe=0 cap_fver=0 cap_frootid=0OUID="root" OGID="root"
type=PATH msg=audit(1782837708.194:5539): item=2 name="/lib64/ld-linux-x86-64.so.2" inode=11930925 dev=103:02 mode=0100755 ouid=0 ogid=0 rdev=00:00 nametype=NORMAL cap_fp=0 cap_fi=0 cap_fe=0 cap_fver=0 cap_frootid=0OUID="root" OGID="root"
type=PROCTITLE msg=audit(1782837708.194:5539): proctitle=736C6565700032
type=SYSCALL msg=audit(1782837709.422:5540): arch=c000003e syscall=59 success=yes exit=0 a0=564b3e69d720 a1=564b3e69f190 a2=564b3e695b60 a3=21 items=3 ppid=224837 pid=224838 auid=4294967295 uid=0 gid=0 euid=0 suid=0 fsuid=0 egid=0 sgid=0 fsgid=0 tty=(none) ses=4294967295 comm="cat" exe="/usr/bin/cat" subj=unconfined key="prism_execve"ARCH=x86_64 SYSCALL=execve AUID="unset" UID="root" GID="root" EUID="root" SUID="root" FSUID="root" EGID="root" SGID="root" FSGID="root"
type=SYSCALL msg=audit(1782837709.422:5541): arch=c000003e syscall=59 success=yes exit=0 a0=564b3e69d9c0 a1=564b3e697100 a2=564b3e695b60 a3=2 items=3 ppid=224837 pid=224839 auid=4294967295 uid=0 gid=0 euid=0 suid=0 fsuid=0 egid=0 sgid=0 fsgid=0 tty=(none) ses=4294967295 comm="head" exe="/usr/bin/head" subj=unconfined key="prism_execve"ARCH=x86_64 SYSCALL=execve AUID="unset" UID="root" GID="root" EUID="root" SUID="root" FSUID="root" EGID="root" SGID="root" FSGID="root"
type=EXECVE msg=audit(1782837709.422:5540): argc=2 a0="cat" a1="/sys/class/power_supply/AC0/online"
type=EXECVE msg=audit(1782837709.422:5541): argc=3 a0="head" a1="-n" a2="1"
type=CWD msg=audit(1782837709.422:5541): cwd="/"
type=CWD msg=audit(1782837709.422:5540): cwd="/"
type=PATH msg=audit(1782837709.422:5541): item=0 name="/usr/bin/head" inode=11958980 dev=103:02 mode=0100755 ouid=0 ogid=0 rdev=00:00 nametype=NORMAL cap_fp=0 cap_fi=0 cap_fe=0 cap_fver=0 cap_frootid=0OUID="root" OGID="root"
type=PATH msg=audit(1782837709.422:5540): item=0 name="/usr/bin/cat" inode=11951825 dev=103:02 mode=0100755 ouid=0 ogid=0 rdev=00:00 nametype=NORMAL cap_fp=0 cap_fi=0 cap_fe=0 cap_fver=0 cap_frootid=0OUID="root" OGID="root"
type=PATH msg=audit(1782837709.422:5541): item=1 name="/usr/bin/head" inode=11958980 dev=103:02 mode=0100755 ouid=0 ogid=0 rdev=00:00 nametype=NORMAL cap_fp=0 cap_fi=0 cap_fe=0 cap_fver=0 cap_frootid=0OUID="root" OGID="root"
type=PATH msg=audit(1782837709.422:5540): item=1 name="/usr/bin/cat" inode=11951825 dev=103:02 mode=0100755 ouid=0 ogid=0 rdev=00:00 nametype=NORMAL cap_fp=0 cap_fi=0 cap_fe=0 cap_fver=0 cap_frootid=0OUID="root" OGID="root"
type=PATH msg=audit(1782837709.422:5541): item=2 name="/lib64/ld-linux-x86-64.so.2" inode=11930925 dev=103:02 mode=0100755 ouid=0 ogid=0 rdev=00:00 nametype=NORMAL cap_fp=0 cap_fi=0 cap_fe=0 cap_fver=0 cap_frootid=0OUID="root" OGID="root"
type=PATH msg=audit(1782837709.422:5540): item=2 name="/lib64/ld-linux-x86-64.so.2" inode=11930925 dev=103:02 mode=0100755 ouid=0 ogid=0 rdev=00:00 nametype=NORMAL cap_fp=0 cap_fi=0 cap_fe=0 cap_fver=0 cap_frootid=0OUID="root" OGID="root"
type=PROCTITLE msg=audit(1782837709.422:5541): proctitle=68656164002D6E0031
type=PROCTITLE msg=audit(1782837709.422:5540): proctitle=636174002F7379732F636C6173732F706F7765725F737570706C792F4143302F6F6E6C696E65
type=SYSCALL msg=audit(1782837709.422:5542): arch=c000003e syscall=59 success=yes exit=0 a0=564b3e6a0320 a1=564b3e69e220 a2=564b3e695b60 a3=2 items=3 ppid=224840 pid=224841 auid=4294967295 uid=0 gid=0 euid=0 suid=0 fsuid=0 egid=0 sgid=0 fsgid=0 tty=(none) ses=4294967295 comm="cat" exe="/usr/bin/cat" subj=unconfined key="prism_execve"ARCH=x86_64 SYSCALL=execve AUID="unset" UID="root" GID="root" EUID="root" SUID="root" FSUID="root" EGID="root" SGID="root" FSGID="root"
type=EXECVE msg=audit(1782837709.422:5542): argc=2 a0="cat" a1="/sys/class/power_supply/BAT0/capacity"
type=CWD msg=audit(1782837709.422:5542): cwd="/"
type=PATH msg=audit(1782837709.422:5542): item=0 name="/usr/bin/cat" inode=11951825 dev=103:02 mode=0100755 ouid=0 ogid=0 rdev=00:00 nametype=NORMAL cap_fp=0 cap_fi=0 cap_fe=0 cap_fver=0 cap_frootid=0OUID="root" OGID="root"
type=PATH msg=audit(1782837709.422:5542): item=1 name="/usr/bin/cat" inode=11951825 dev=103:02 mode=0100755 ouid=0 ogid=0 rdev=00:00 nametype=NORMAL cap_fp=0 cap_fi=0 cap_fe=0 cap_fver=0 cap_frootid=0OUID="root" OGID="root"
type=PATH msg=audit(1782837709.422:5542): item=2 name="/lib64/ld-linux-x86-64.so.2" inode=11930925 dev=103:02 mode=0100755 ouid=0 ogid=0 rdev=00:00 nametype=NORMAL cap_fp=0 cap_fi=0 cap_fe=0 cap_fver=0 cap_frootid=0OUID="root" OGID="root"
type=PROCTITLE msg=audit(1782837709.422:5542): proctitle=636174002F7379732F636C6173732F706F7765725F737570706C792F424154302F6361706163697479
type=SYSCALL msg=audit(1782837709.426:5543): arch=c000003e syscall=59 success=yes exit=0 a0=564b3e69ccf0 a1=564b3e69f190 a2=564b3e695b60 a3=21 items=3 ppid=1197 pid=224842 auid=4294967295 uid=0 gid=0 euid=0 suid=0 fsuid=0 egid=0 sgid=0 fsgid=0 tty=(none) ses=4294967295 comm="sleep" exe="/usr/bin/sleep" subj=unconfined key="prism_execve"ARCH=x86_64 SYSCALL=execve AUID="unset" UID="root" GID="root" EUID="root" SUID="root" FSUID="root" EGID="root" SGID="root" FSGID="root"
type=EXECVE msg=audit(1782837709.426:5543): argc=2 a0="sleep" a1="10"
type=CWD msg=audit(1782837709.426:5543): cwd="/"
type=PATH msg=audit(1782837709.426:5543): item=0 name="/usr/bin/sleep" inode=11981809 dev=103:02 mode=0100755 ouid=0 ogid=0 rdev=00:00 nametype=NORMAL cap_fp=0 cap_fi=0 cap_fe=0 cap_fver=0 cap_frootid=0OUID="root" OGID="root"
type=PATH msg=audit(1782837709.426:5543): item=1 name="/usr/bin/sleep" inode=11981809 dev=103:02 mode=0100755 ouid=0 ogid=0 rdev=00:00 nametype=NORMAL cap_fp=0 cap_fi=0 cap_fe=0 cap_fver=0 cap_frootid=0OUID="root" OGID="root"
type=PATH msg=audit(1782837709.426:5543): item=2 name="/lib64/ld-linux-x86-64.so.2" inode=11930925 dev=103:02 mode=0100755 ouid=0 ogid=0 rdev=00:00 nametype=NORMAL cap_fp=0 cap_fi=0 cap_fe=0 cap_fver=0 cap_frootid=0OUID="root" OGID="root"
type=PROCTITLE msg=audit(1782837709.426:5543): proctitle=736C656570003130
type=SYSCALL msg=audit(1782837709.458:5544): arch=c000003e syscall=59 success=yes exit=0 a0=563858984240 a1=563856f4e0d0 a2=5638525ae810 a3=8 items=3 ppid=1811 pid=224843 auid=1000 uid=1000 gid=1000 euid=1000 suid=1000 fsuid=1000 egid=1000 sgid=1000 fsgid=1000 tty=(none) ses=1 comm="sh" exe="/usr/bin/dash" subj=unconfined key="prism_execve"ARCH=x86_64 SYSCALL=execve AUID="quintessential" UID="quintessential" GID="quintessential" EUID="quintessential" SUID="quintessential" FSUID="quintessential" EGID="quintessential" SGID="quintessential" FSGID="quintessential"
type=EXECVE msg=audit(1782837709.458:5544): argc=3 a0="/bin/sh" a1="-c" a2=63617420272F686F6D652F7175696E74657373656E7469616C2F2E6C6F63616C2F73686172652F706C61736D612F706C61736D6F6964732F6C756973626F63616E656772612E70616E656C2E636F6C6F72697A65722F6D657461646174612E6A736F6E27207C2067726570205C2256657273696F6E207C207365642027732F2E2A202F2F3B732F5B222C5D2F2F6727
type=CWD msg=audit(1782837709.458:5544): cwd="/home/quintessential"
type=PATH msg=audit(1782837709.458:5544): item=0 name="/bin/sh" inode=11928898 dev=103:02 mode=0100755 ouid=0 ogid=0 rdev=00:00 nametype=NORMAL cap_fp=0 cap_fi=0 cap_fe=0 cap_fver=0 cap_frootid=0OUID="root" OGID="root"
type=PATH msg=audit(1782837709.458:5544): item=1 name="/bin/sh" inode=11928908 dev=103:02 mode=0120777 ouid=0 ogid=0 rdev=00:00 nametype=NORMAL cap_fp=0 cap_fi=0 cap_fe=0 cap_fver=0 cap_frootid=0OUID="root" OGID="root"
type=PATH msg=audit(1782837709.458:5544): item=2 name="/lib64/ld-linux-x86-64.so.2" inode=11930925 dev=103:02 mode=0100755 ouid=0 ogid=0 rdev=00:00 nametype=NORMAL cap_fp=0 cap_fi=0 cap_fe=0 cap_fver=0 cap_frootid=0OUID="root" OGID="root"
type=PROCTITLE msg=audit(1782837709.458:5544): proctitle=2F62696E2F7368002D630063617420272F686F6D652F7175696E74657373656E7469616C2F2E6C6F63616C2F73686172652F706C61736D612F706C61736D6F6964732F6C756973626F63616E656772612E70616E656C2E636F6C6F72697A65722F6D657461646174612E6A736F6E27207C2067726570205C2256657273696F6E
type=SYSCALL msg=audit(1782837709.458:5545): arch=c000003e syscall=59 success=yes exit=0 a0=5601b912b468 a1=5601b912b060 a2=5601b912b258 a3=4 items=3 ppid=224843 pid=224844 auid=1000 uid=1000 gid=1000 euid=1000 suid=1000 fsuid=1000 egid=1000 sgid=1000 fsgid=1000 tty=(none) ses=1 comm="cat" exe="/usr/bin/cat" subj=unconfined key="prism_execve"ARCH=x86_64 SYSCALL=execve AUID="quintessential" UID="quintessential" GID="quintessential" EUID="quintessential" SUID="quintessential" FSUID="quintessential" EGID="quintessential" SGID="quintessential" FSGID="quintessential"
type=EXECVE msg=audit(1782837709.458:5545): argc=2 a0="cat" a1="/home/quintessential/.local/share/plasma/plasmoids/luisbocanegra.panel.colorizer/metadata.json"
type=CWD msg=audit(1782837709.458:5545): cwd="/home/quintessential"
type=PATH msg=audit(1782837709.458:5545): item=0 name="/usr/bin/cat" inode=11951825 dev=103:02 mode=0100755 ouid=0 ogid=0 rdev=00:00 nametype=NORMAL cap_fp=0 cap_fi=0 cap_fe=0 cap_fver=0 cap_frootid=0OUID="root" OGID="root"
type=PATH msg=audit(1782837709.458:5545): item=1 name="/usr/bin/cat" inode=11951825 dev=103:02 mode=0100755 ouid=0 ogid=0 rdev=00:00 nametype=NORMAL cap_fp=0 cap_fi=0 cap_fe=0 cap_fver=0 cap_frootid=0OUID="root" OGID="root"
type=PATH msg=audit(1782837709.458:5545): item=2 name="/lib64/ld-linux-x86-64.so.2" inode=11930925 dev=103:02 mode=0100755 ouid=0 ogid=0 rdev=00:00 nametype=NORMAL cap_fp=0 cap_fi=0 cap_fe=0 cap_fver=0 cap_frootid=0OUID="root" OGID="root"
type=PROCTITLE msg=audit(1782837709.458:5545): proctitle=636174002F686F6D652F7175696E74657373656E7469616C2F2E6C6F63616C2F73686172652F706C61736D612F706C61736D6F6964732F6C756973626F63616E656772612E70616E656C2E636F6C6F72697A65722F6D657461646174612E6A736F6E
type=SYSCALL msg=audit(1782837709.458:5546): arch=c000003e syscall=59 success=yes exit=0 a0=5601b912b498 a1=5601b912b000 a2=5601b912b288 a3=4 items=3 ppid=224843 pid=224845 auid=1000 uid=1000 gid=1000 euid=1000 suid=1000 fsuid=1000 egid=1000 sgid=1000 fsgid=1000 tty=(none) ses=1 comm="grep" exe="/usr/bin/grep" subj=unconfined key="prism_execve"ARCH=x86_64 SYSCALL=execve AUID="quintessential" UID="quintessential" GID="quintessential" EUID="quintessential" SUID="quintessential" FSUID="quintessential" EGID="quintessential" SGID="quintessential" FSGID="quintessential"
type=EXECVE msg=audit(1782837709.458:5546): argc=2 a0="grep" a1=2256657273696F6E
type=CWD msg=audit(1782837709.458:5546): cwd="/home/quintessential"
type=PATH msg=audit(1782837709.458:5546): item=0 name="/usr/bin/grep" inode=11942454 dev=103:02 mode=0100755 ouid=0 ogid=0 rdev=00:00 nametype=NORMAL cap_fp=0 cap_fi=0 cap_fe=0 cap_fver=0 cap_frootid=0OUID="root" OGID="root"
type=PATH msg=audit(1782837709.458:5546): item=1 name="/usr/bin/grep" inode=11942454 dev=103:02 mode=0100755 ouid=0 ogid=0 rdev=00:00 nametype=NORMAL cap_fp=0 cap_fi=0 cap_fe=0 cap_fver=0 cap_frootid=0OUID="root" OGID="root"
type=PATH msg=audit(1782837709.458:5546): item=2 name="/lib64/ld-linux-x86-64.so.2" inode=11930925 dev=103:02 mode=0100755 ouid=0 ogid=0 rdev=00:00 nametype=NORMAL cap_fp=0 cap_fi=0 cap_fe=0 cap_fver=0 cap_frootid=0OUID="root" OGID="root"
type=PROCTITLE msg=audit(1782837709.458:5546): proctitle=67726570002256657273696F6E
type=SYSCALL msg=audit(1782837709.462:5547): arch=c000003e syscall=59 success=yes exit=0 a0=5601b912b4f8 a1=5601b912b010 a2=5601b912b2e8 a3=4 items=3 ppid=224843 pid=224846 auid=1000 uid=1000 gid=1000 euid=1000 suid=1000 fsuid=1000 egid=1000 sgid=1000 fsgid=1000 tty=(none) ses=1 comm="sed" exe="/usr/bin/sed" subj=unconfined key="prism_execve"ARCH=x86_64 SYSCALL=execve AUID="quintessential" UID="quintessential" GID="quintessential" EUID="quintessential" SUID="quintessential" FSUID="quintessential" EGID="quintessential" SGID="quintessential" FSGID="quintessential"
type=EXECVE msg=audit(1782837709.462:5547): argc=2 a0="sed" a1=732F2E2A202F2F3B732F5B222C5D2F2F67
type=CWD msg=audit(1782837709.462:5547): cwd="/home/quintessential"
type=PATH msg=audit(1782837709.462:5547): item=0 name="/usr/bin/sed" inode=11928663 dev=103:02 mode=0100755 ouid=0 ogid=0 rdev=00:00 nametype=NORMAL cap_fp=0 cap_fi=0 cap_fe=0 cap_fver=0 cap_frootid=0OUID="root" OGID="root"
type=PATH msg=audit(1782837709.462:5547): item=1 name="/usr/bin/sed" inode=11928663 dev=103:02 mode=0100755 ouid=0 ogid=0 rdev=00:00 nametype=NORMAL cap_fp=0 cap_fi=0 cap_fe=0 cap_fver=0 cap_frootid=0OUID="root" OGID="root"
type=PATH msg=audit(1782837709.462:5547): item=2 name="/lib64/ld-linux-x86-64.so.2" inode=11930925 dev=103:02 mode=0100755 ouid=0 ogid=0 rdev=00:00 nametype=NORMAL cap_fp=0 cap_fi=0 cap_fe=0 cap_fver=0 cap_frootid=0OUID="root" OGID="root"
type=PROCTITLE msg=audit(1782837709.462:5547): proctitle=73656400732F2E2A202F2F3B732F5B222C5D2F2F67
type=SYSCALL msg=audit(1782837709.462:5548): arch=c000003e syscall=257 success=yes exit=3 a0=ffffffffffffff9c a1=55ff39a4b6d5 a2=0 a3=0 items=1 ppid=224843 pid=224845 auid=1000 uid=1000 gid=1000 euid=1000 suid=1000 fsuid=1000 egid=1000 sgid=1000 fsgid=1000 tty=(none) ses=1 comm="grep" exe="/usr/bin/grep" subj=unconfined key="prism_proc_access"ARCH=x86_64 SYSCALL=openat AUID="quintessential" UID="quintessential" GID="quintessential" EUID="quintessential" SUID="quintessential" FSUID="quintessential" EGID="quintessential" SGID="quintessential" FSGID="quintessential"
type=CWD msg=audit(1782837709.462:5548): cwd="/home/quintessential"
type=PATH msg=audit(1782837709.462:5548): item=0 name="/proc/self/maps" inode=1421112 dev=00:17 mode=0100444 ouid=1000 ogid=1000 rdev=00:00 nametype=NORMAL cap_fp=0 cap_fi=0 cap_fe=0 cap_fver=0 cap_frootid=0OUID="quintessential" OGID="quintessential"
type=PROCTITLE msg=audit(1782837709.462:5548): proctitle=67726570002256657273696F6E
type=SYSCALL msg=audit(1782837709.462:5549): arch=c000003e syscall=257 success=yes exit=3 a0=ffffffffffffff9c a1=7f8505a5020d a2=80000 a3=0 items=1 ppid=224843 pid=224846 auid=1000 uid=1000 gid=1000 euid=1000 suid=1000 fsuid=1000 egid=1000 sgid=1000 fsgid=1000 tty=(none) ses=1 comm="sed" exe="/usr/bin/sed" subj=unconfined key="prism_proc_access"ARCH=x86_64 SYSCALL=openat AUID="quintessential" UID="quintessential" GID="quintessential" EUID="quintessential" SUID="quintessential" FSUID="quintessential" EGID="quintessential" SGID="quintessential" FSGID="quintessential"
type=CWD msg=audit(1782837709.462:5549): cwd="/home/quintessential"
type=PATH msg=audit(1782837709.462:5549): item=0 name="/proc/filesystems" inode=4026532067 dev=00:17 mode=0100444 ouid=0 ogid=0 rdev=00:00 nametype=NORMAL cap_fp=0 cap_fi=0 cap_fe=0 cap_fver=0 cap_frootid=0OUID="root" OGID="root"
type=PROCTITLE msg=audit(1782837709.462:5549): proctitle=73656400732F2E2A202F2F3B732F5B222C5D2F2F67
type=SYSCALL msg=audit(1782837710.194:5550): arch=c000003e syscall=59 success=yes exit=0 a0=55775ffe54e0 a1=55775ffe73f0 a2=55775ffe0c70 a3=8 items=3 ppid=224782 pid=224848 auid=1000 uid=0 gid=0 euid=0 suid=0 fsuid=0 egid=0 sgid=0 fsgid=0 tty=pts3 ses=1 comm="tee" exe="/usr/bin/tee" subj=unconfined key="prism_execve"ARCH=x86_64 SYSCALL=execve AUID="quintessential" UID="root" GID="root" EUID="root" SUID="root" FSUID="root" EGID="root" SGID="root" FSGID="root"
type=EXECVE msg=audit(1782837710.194:5550): argc=3 a0="tee" a1="-a" a2="/home/quintessential/Documents/6841/ass1/project-prism/red/t1036_masquerade/../../logs/raw/t1036_master_20260701T024143.log"
type=CWD msg=audit(1782837710.194:5550): cwd="/home/quintessential/Documents/6841/ass1/project-prism"
type=PATH msg=audit(1782837710.194:5550): item=0 name="/usr/bin/tee" inode=11990827 dev=103:02 mode=0100755 ouid=0 ogid=0 rdev=00:00 nametype=NORMAL cap_fp=0 cap_fi=0 cap_fe=0 cap_fver=0 cap_frootid=0OUID="root" OGID="root"
type=PATH msg=audit(1782837710.194:5550): item=1 name="/usr/bin/tee" inode=11990827 dev=103:02 mode=0100755 ouid=0 ogid=0 rdev=00:00 nametype=NORMAL cap_fp=0 cap_fi=0 cap_fe=0 cap_fver=0 cap_frootid=0OUID="root" OGID="root"
type=PATH msg=audit(1782837710.194:5550): item=2 name="/lib64/ld-linux-x86-64.so.2" inode=11930925 dev=103:02 mode=0100755 ouid=0 ogid=0 rdev=00:00 nametype=NORMAL cap_fp=0 cap_fi=0 cap_fe=0 cap_fver=0 cap_frootid=0OUID="root" OGID="root"
type=PROCTITLE msg=audit(1782837710.194:5550): proctitle=746565002D61002F686F6D652F7175696E74657373656E7469616C2F446F63756D656E74732F363834312F617373312F70726F6A6563742D707269736D2F7265642F74313033365F6D6173717565726164652F2E2E2F2E2E2F6C6F67732F7261772F74313033365F6D61737465725F3230323630373031543032343134332E6C
type=SYSCALL msg=audit(1782837710.194:5551): arch=c000003e syscall=59 success=yes exit=0 a0=55775ffe2840 a1=55775ffe73f0 a2=55775ffe0c70 a3=8 items=3 ppid=224782 pid=224850 auid=1000 uid=0 gid=0 euid=0 suid=0 fsuid=0 egid=0 sgid=0 fsgid=0 tty=pts3 ses=1 comm="tee" exe="/usr/bin/tee" subj=unconfined key="prism_execve"ARCH=x86_64 SYSCALL=execve AUID="quintessential" UID="root" GID="root" EUID="root" SUID="root" FSUID="root" EGID="root" SGID="root" FSGID="root"
type=EXECVE msg=audit(1782837710.194:5551): argc=3 a0="tee" a1="-a" a2="/home/quintessential/Documents/6841/ass1/project-prism/red/t1036_masquerade/../../logs/raw/t1036_master_20260701T024143.log"
type=SYSCALL msg=audit(1782837710.194:5552): arch=c000003e syscall=59 success=yes exit=0 a0=55775ffe2970 a1=55775ffe73f0 a2=55775ffe0c70 a3=8 items=3 ppid=224782 pid=224849 auid=1000 uid=0 gid=0 euid=0 suid=0 fsuid=0 egid=0 sgid=0 fsgid=0 tty=pts3 ses=1 comm="gcc" exe="/usr/bin/x86_64-linux-gnu-gcc-15" subj=unconfined key="prism_execve"ARCH=x86_64 SYSCALL=execve AUID="quintessential" UID="root" GID="root" EUID="root" SUID="root" FSUID="root" EGID="root" SGID="root" FSGID="root"
type=CWD msg=audit(1782837710.194:5551): cwd="/home/quintessential/Documents/6841/ass1/project-prism"
type=PATH msg=audit(1782837710.194:5551): item=0 name="/usr/bin/tee" inode=11990827 dev=103:02 mode=0100755 ouid=0 ogid=0 rdev=00:00 nametype=NORMAL cap_fp=0 cap_fi=0 cap_fe=0 cap_fver=0 cap_frootid=0OUID="root" OGID="root"
type=EXECVE msg=audit(1782837710.194:5552): argc=4 a0="gcc" a1="-o" a2="/tmp/prism_prctl_spoof" a3="/home/quintessential/Documents/6841/ass1/project-prism/red/t1036_masquerade/prctl_spoof.c"
type=PATH msg=audit(1782837710.194:5551): item=1 name="/usr/bin/tee" inode=11990827 dev=103:02 mode=0100755 ouid=0 ogid=0 rdev=00:00 nametype=NORMAL cap_fp=0 cap_fi=0 cap_fe=0 cap_fver=0 cap_frootid=0OUID="root" OGID="root"
type=CWD msg=audit(1782837710.194:5552): cwd="/home/quintessential/Documents/6841/ass1/project-prism"
type=PATH msg=audit(1782837710.194:5551): item=2 name="/lib64/ld-linux-x86-64.so.2" inode=11930925 dev=103:02 mode=0100755 ouid=0 ogid=0 rdev=00:00 nametype=NORMAL cap_fp=0 cap_fi=0 cap_fe=0 cap_fver=0 cap_frootid=0OUID="root" OGID="root"
type=PATH msg=audit(1782837710.194:5552): item=0 name="/usr/bin/gcc" inode=11929507 dev=103:02 mode=0100755 ouid=0 ogid=0 rdev=00:00 nametype=NORMAL cap_fp=0 cap_fi=0 cap_fe=0 cap_fver=0 cap_frootid=0OUID="root" OGID="root"
type=PROCTITLE msg=audit(1782837710.194:5551): proctitle=746565002D61002F686F6D652F7175696E74657373656E7469616C2F446F63756D656E74732F363834312F617373312F70726F6A6563742D707269736D2F7265642F74313033365F6D6173717565726164652F2E2E2F2E2E2F6C6F67732F7261772F74313033365F6D61737465725F3230323630373031543032343134332E6C
type=PATH msg=audit(1782837710.194:5552): item=1 name="/usr/bin/gcc" inode=11937666 dev=103:02 mode=0120777 ouid=0 ogid=0 rdev=00:00 nametype=NORMAL cap_fp=0 cap_fi=0 cap_fe=0 cap_fver=0 cap_frootid=0OUID="root" OGID="root"
type=PATH msg=audit(1782837710.194:5552): item=2 name="/lib64/ld-linux-x86-64.so.2" inode=11930925 dev=103:02 mode=0100755 ouid=0 ogid=0 rdev=00:00 nametype=NORMAL cap_fp=0 cap_fi=0 cap_fe=0 cap_fver=0 cap_frootid=0OUID="root" OGID="root"
type=PROCTITLE msg=audit(1782837710.194:5552): proctitle=676363002D6F002F746D702F707269736D5F707263746C5F73706F6F66002F686F6D652F7175696E74657373656E7469616C2F446F63756D656E74732F363834312F617373312F70726F6A6563742D707269736D2F7265642F74313033365F6D6173717565726164652F707263746C5F73706F6F662E63
type=SYSCALL msg=audit(1782837710.194:5553): arch=c000003e syscall=59 success=yes exit=0 a0=3c96bc60 a1=3c96bb58 a2=3c969e50 a3=8 items=3 ppid=224849 pid=224851 auid=1000 uid=0 gid=0 euid=0 suid=0 fsuid=0 egid=0 sgid=0 fsgid=0 tty=pts3 ses=1 comm="cc1" exe="/usr/libexec/gcc/x86_64-linux-gnu/15/cc1" subj=unconfined key="prism_execve"ARCH=x86_64 SYSCALL=execve AUID="quintessential" UID="root" GID="root" EUID="root" SUID="root" FSUID="root" EGID="root" SGID="root" FSGID="root"
type=EXECVE msg=audit(1782837710.194:5553): argc=17 a0="/usr/libexec/gcc/x86_64-linux-gnu/15/cc1" a1="-quiet" a2="-imultiarch" a3="x86_64-linux-gnu" a4="/home/quintessential/Documents/6841/ass1/project-prism/red/t1036_masquerade/prctl_spoof.c" a5="-quiet" a6="-dumpdir" a7="/tmp/prism_prctl_spoof-" a8="-dumpbase" a9="prctl_spoof.c" a10="-dumpbase-ext" a11=".c" a12="-mtune=generic" a13="-march=x86-64" a14="-fasynchronous-unwind-tables" a15="-o" a16="/tmp/cc3Uy8HS.s"
type=CWD msg=audit(1782837710.194:5553): cwd="/home/quintessential/Documents/6841/ass1/project-prism"
type=PATH msg=audit(1782837710.194:5553): item=0 name="/usr/libexec/gcc/x86_64-linux-gnu/15/cc1" inode=12585593 dev=103:02 mode=0100755 ouid=0 ogid=0 rdev=00:00 nametype=NORMAL cap_fp=0 cap_fi=0 cap_fe=0 cap_fver=0 cap_frootid=0OUID="root" OGID="root"
type=PATH msg=audit(1782837710.194:5553): item=1 name="/usr/libexec/gcc/x86_64-linux-gnu/15/cc1" inode=12585593 dev=103:02 mode=0100755 ouid=0 ogid=0 rdev=00:00 nametype=NORMAL cap_fp=0 cap_fi=0 cap_fe=0 cap_fver=0 cap_frootid=0OUID="root" OGID="root"
type=PATH msg=audit(1782837710.194:5553): item=2 name="/lib64/ld-linux-x86-64.so.2" inode=11930925 dev=103:02 mode=0100755 ouid=0 ogid=0 rdev=00:00 nametype=NORMAL cap_fp=0 cap_fi=0 cap_fe=0 cap_fver=0 cap_frootid=0OUID="root" OGID="root"
type=PROCTITLE msg=audit(1782837710.194:5553): proctitle=2F7573722F6C6962657865632F6763632F7838365F36342D6C696E75782D676E752F31352F636331002D7175696574002D696D756C746961726368007838365F36342D6C696E75782D676E75002F686F6D652F7175696E74657373656E7469616C2F446F63756D656E74732F363834312F617373312F70726F6A6563742D7072
type=SYSCALL msg=audit(1782837710.210:5554): arch=c000003e syscall=59 success=yes exit=0 a0=3c96b850 a1=3c96bb58 a2=3c969e50 a3=8 items=3 ppid=224849 pid=224852 auid=1000 uid=0 gid=0 euid=0 suid=0 fsuid=0 egid=0 sgid=0 fsgid=0 tty=pts3 ses=1 comm="x86_64-linux-gn" exe="/usr/bin/x86_64-linux-gnu-as" subj=unconfined key="prism_execve"ARCH=x86_64 SYSCALL=execve AUID="quintessential" UID="root" GID="root" EUID="root" SUID="root" FSUID="root" EGID="root" SGID="root" FSGID="root"
type=EXECVE msg=audit(1782837710.210:5554): argc=5 a0="/usr/bin/x86_64-linux-gnu-as" a1="--64" a2="-o" a3="/tmp/cc1uaJ9z.o" a4="/tmp/cc3Uy8HS.s"
type=CWD msg=audit(1782837710.210:5554): cwd="/home/quintessential/Documents/6841/ass1/project-prism"
type=PATH msg=audit(1782837710.210:5554): item=0 name="/usr/bin/x86_64-linux-gnu-as" inode=11952275 dev=103:02 mode=0100755 ouid=0 ogid=0 rdev=00:00 nametype=NORMAL cap_fp=0 cap_fi=0 cap_fe=0 cap_fver=0 cap_frootid=0OUID="root" OGID="root"
type=PATH msg=audit(1782837710.210:5554): item=1 name="/usr/bin/x86_64-linux-gnu-as" inode=11952275 dev=103:02 mode=0100755 ouid=0 ogid=0 rdev=00:00 nametype=NORMAL cap_fp=0 cap_fi=0 cap_fe=0 cap_fver=0 cap_frootid=0OUID="root" OGID="root"
type=PATH msg=audit(1782837710.210:5554): item=2 name="/lib64/ld-linux-x86-64.so.2" inode=11930925 dev=103:02 mode=0100755 ouid=0 ogid=0 rdev=00:00 nametype=NORMAL cap_fp=0 cap_fi=0 cap_fe=0 cap_fver=0 cap_frootid=0OUID="root" OGID="root"
type=PROCTITLE msg=audit(1782837710.210:5554): proctitle=2F7573722F62696E2F7838365F36342D6C696E75782D676E752D6173002D2D3634002D6F002F746D702F63633175614A397A2E6F002F746D702F63633355793848532E73
type=SYSCALL msg=audit(1782837710.214:5555): arch=c000003e syscall=59 success=yes exit=0 a0=3c9746e0 a1=3c9732f8 a2=3c969e50 a3=8 items=3 ppid=224849 pid=224853 auid=1000 uid=0 gid=0 euid=0 suid=0 fsuid=0 egid=0 sgid=0 fsgid=0 tty=pts3 ses=1 comm="collect2" exe="/usr/libexec/gcc/x86_64-linux-gnu/15/collect2" subj=unconfined key="prism_execve"ARCH=x86_64 SYSCALL=execve AUID="quintessential" UID="root" GID="root" EUID="root" SUID="root" FSUID="root" EGID="root" SGID="root" FSGID="root"
type=EXECVE msg=audit(1782837710.214:5555): argc=48 a0="/usr/libexec/gcc/x86_64-linux-gnu/15/collect2" a1="-plugin" a2="/usr/libexec/gcc/x86_64-linux-gnu/15/liblto_plugin.so" a3="-plugin-opt=/usr/libexec/gcc/x86_64-linux-gnu/15/lto-wrapper" a4="-plugin-opt=-fresolution=/tmp/ccy7k1k1.res" a5="-plugin-opt=-pass-through=-lgcc" a6="-plugin-opt=-pass-through=-lgcc_s" a7="-plugin-opt=-pass-through=-lc" a8="-plugin-opt=-pass-through=-lgcc" a9="-plugin-opt=-pass-through=-lgcc_s" a10="--build-id" a11="--eh-frame-hdr" a12="-m" a13="elf_x86_64" a14="--hash-style=gnu" a15="--as-needed" a16="-dynamic-linker" a17="/lib64/ld-linux-x86-64.so.2" a18="-pie" a19="-o" a20="/tmp/prism_prctl_spoof" a21="/usr/lib/gcc/x86_64-linux-gnu/15/../../../x86_64-linux-gnu/Scrt1.o" a22="/usr/lib/gcc/x86_64-linux-gnu/15/../../../x86_64-linux-gnu/crti.o" a23="/usr/lib/gcc/x86_64-linux-gnu/15/crtbeginS.o" a24="-L/usr/lib/gcc/x86_64-linux-gnu/15" a25="-L/usr/lib/gcc/x86_64-linux-gnu/15/../../../x86_64-linux-gnu" a26="-L/usr/lib/gcc/x86_64-linux-gnu/15/../../../../lib" a27="-L/lib/x86_64-linux-gnu" a28="-L/lib/../lib" a29="-L/usr/lib/x86_64-linux-gnu" a30="-L/usr/lib/../lib" a31="-L/usr/lib/gcc/x86_64-linux-gnu/15/../../.." a32="-L/lib" a33="-L/usr/lib" a34="/tmp/cc1uaJ9z.o" a35="-lgcc" a36="--push-state" a37="--as-needed" a38="-lgcc_s" a39="--pop-state" a40="-lc" a41="-lgcc" a42="--push-state" a43="--as-needed" a44="-lgcc_s" a45="--pop-state" a46="/usr/lib/gcc/x86_64-linux-gnu/15/crtendS.o" a47="/usr/lib/gcc/x86_64-linux-gnu/15/../../../x86_64-linux-gnu/crtn.o"
type=CWD msg=audit(1782837710.214:5555): cwd="/home/quintessential/Documents/6841/ass1/project-prism"
type=PATH msg=audit(1782837710.214:5555): item=0 name="/usr/libexec/gcc/x86_64-linux-gnu/15/collect2" inode=12593775 dev=103:02 mode=0100755 ouid=0 ogid=0 rdev=00:00 nametype=NORMAL cap_fp=0 cap_fi=0 cap_fe=0 cap_fver=0 cap_frootid=0OUID="root" OGID="root"
type=PATH msg=audit(1782837710.214:5555): item=1 name="/usr/libexec/gcc/x86_64-linux-gnu/15/collect2" inode=12593775 dev=103:02 mode=0100755 ouid=0 ogid=0 rdev=00:00 nametype=NORMAL cap_fp=0 cap_fi=0 cap_fe=0 cap_fver=0 cap_frootid=0OUID="root" OGID="root"
type=PATH msg=audit(1782837710.214:5555): item=2 name="/lib64/ld-linux-x86-64.so.2" inode=11930925 dev=103:02 mode=0100755 ouid=0 ogid=0 rdev=00:00 nametype=NORMAL cap_fp=0 cap_fi=0 cap_fe=0 cap_fver=0 cap_frootid=0OUID="root" OGID="root"
type=PROCTITLE msg=audit(1782837710.214:5555): proctitle=2F7573722F6C6962657865632F6763632F7838365F36342D6C696E75782D676E752F31352F636F6C6C65637432002D706C7567696E002F7573722F6C6962657865632F6763632F7838365F36342D6C696E75782D676E752F31352F6C69626C746F5F706C7567696E2E736F002D706C7567696E2D6F70743D2F7573722F6C6962
type=SYSCALL msg=audit(1782837710.214:5556): arch=c000003e syscall=59 success=yes exit=0 a0=3f3761e0 a1=3f3748e0 a2=7ffc466e5f20 a3=8 items=3 ppid=224853 pid=224854 auid=1000 uid=0 gid=0 euid=0 suid=0 fsuid=0 egid=0 sgid=0 fsgid=0 tty=pts3 ses=1 comm="ld" exe="/usr/bin/x86_64-linux-gnu-ld.bfd" subj=unconfined key="prism_execve"ARCH=x86_64 SYSCALL=execve AUID="quintessential" UID="root" GID="root" EUID="root" SUID="root" FSUID="root" EGID="root" SGID="root" FSGID="root"
type=EXECVE msg=audit(1782837710.214:5556): argc=48 a0="/usr/bin/ld" a1="-plugin" a2="/usr/libexec/gcc/x86_64-linux-gnu/15/liblto_plugin.so" a3="-plugin-opt=/usr/libexec/gcc/x86_64-linux-gnu/15/lto-wrapper" a4="-plugin-opt=-fresolution=/tmp/ccy7k1k1.res" a5="-plugin-opt=-pass-through=-lgcc" a6="-plugin-opt=-pass-through=-lgcc_s" a7="-plugin-opt=-pass-through=-lc" a8="-plugin-opt=-pass-through=-lgcc" a9="-plugin-opt=-pass-through=-lgcc_s" a10="--build-id" a11="--eh-frame-hdr" a12="-m" a13="elf_x86_64" a14="--hash-style=gnu" a15="--as-needed" a16="-dynamic-linker" a17="/lib64/ld-linux-x86-64.so.2" a18="-pie" a19="-o" a20="/tmp/prism_prctl_spoof" a21="/usr/lib/gcc/x86_64-linux-gnu/15/../../../x86_64-linux-gnu/Scrt1.o" a22="/usr/lib/gcc/x86_64-linux-gnu/15/../../../x86_64-linux-gnu/crti.o" a23="/usr/lib/gcc/x86_64-linux-gnu/15/crtbeginS.o" a24="-L/usr/lib/gcc/x86_64-linux-gnu/15" a25="-L/usr/lib/gcc/x86_64-linux-gnu/15/../../../x86_64-linux-gnu" a26="-L/usr/lib/gcc/x86_64-linux-gnu/15/../../../../lib" a27="-L/lib/x86_64-linux-gnu" a28="-L/lib/../lib" a29="-L/usr/lib/x86_64-linux-gnu" a30="-L/usr/lib/../lib" a31="-L/usr/lib/gcc/x86_64-linux-gnu/15/../../.." a32="-L/lib" a33="-L/usr/lib" a34="/tmp/cc1uaJ9z.o" a35="-lgcc" a36="--push-state" a37="--as-needed" a38="-lgcc_s" a39="--pop-state" a40="-lc" a41="-lgcc" a42="--push-state" a43="--as-needed" a44="-lgcc_s" a45="--pop-state" a46="/usr/lib/gcc/x86_64-linux-gnu/15/crtendS.o" a47="/usr/lib/gcc/x86_64-linux-gnu/15/../../../x86_64-linux-gnu/crtn.o"
type=CWD msg=audit(1782837710.214:5556): cwd="/home/quintessential/Documents/6841/ass1/project-prism"
type=PATH msg=audit(1782837710.214:5556): item=0 name="/usr/bin/ld" inode=11952280 dev=103:02 mode=0100755 ouid=0 ogid=0 rdev=00:00 nametype=NORMAL cap_fp=0 cap_fi=0 cap_fe=0 cap_fver=0 cap_frootid=0OUID="root" OGID="root"
type=PATH msg=audit(1782837710.214:5556): item=1 name="/usr/bin/ld" inode=11961883 dev=103:02 mode=0120777 ouid=0 ogid=0 rdev=00:00 nametype=NORMAL cap_fp=0 cap_fi=0 cap_fe=0 cap_fver=0 cap_frootid=0OUID="root" OGID="root"
type=PATH msg=audit(1782837710.214:5556): item=2 name="/lib64/ld-linux-x86-64.so.2" inode=11930925 dev=103:02 mode=0100755 ouid=0 ogid=0 rdev=00:00 nametype=NORMAL cap_fp=0 cap_fi=0 cap_fe=0 cap_fver=0 cap_frootid=0OUID="root" OGID="root"
type=PROCTITLE msg=audit(1782837710.214:5556): proctitle=2F7573722F62696E2F6C64002D706C7567696E002F7573722F6C6962657865632F6763632F7838365F36342D6C696E75782D676E752F31352F6C69626C746F5F706C7567696E2E736F002D706C7567696E2D6F70743D2F7573722F6C6962657865632F6763632F7838365F36342D6C696E75782D676E752F31352F6C746F2D77
type=SYSCALL msg=audit(1782837710.222:5557): arch=c000003e syscall=59 success=yes exit=0 a0=55775ffe2820 a1=55775ffe73f0 a2=55775ffe0c70 a3=8 items=3 ppid=224782 pid=224856 auid=1000 uid=0 gid=0 euid=0 suid=0 fsuid=0 egid=0 sgid=0 fsgid=0 tty=pts3 ses=1 comm="tee" exe="/usr/bin/tee" subj=unconfined key="prism_execve"ARCH=x86_64 SYSCALL=execve AUID="quintessential" UID="root" GID="root" EUID="root" SUID="root" FSUID="root" EGID="root" SGID="root" FSGID="root"
type=EXECVE msg=audit(1782837710.222:5557): argc=3 a0="tee" a1="-a" a2="/home/quintessential/Documents/6841/ass1/project-prism/red/t1036_masquerade/../../logs/raw/t1036_master_20260701T024143.log"
type=CWD msg=audit(1782837710.222:5557): cwd="/home/quintessential/Documents/6841/ass1/project-prism"
type=PATH msg=audit(1782837710.222:5557): item=0 name="/usr/bin/tee" inode=11990827 dev=103:02 mode=0100755 ouid=0 ogid=0 rdev=00:00 nametype=NORMAL cap_fp=0 cap_fi=0 cap_fe=0 cap_fver=0 cap_frootid=0OUID="root" OGID="root"
type=PATH msg=audit(1782837710.222:5557): item=1 name="/usr/bin/tee" inode=11990827 dev=103:02 mode=0100755 ouid=0 ogid=0 rdev=00:00 nametype=NORMAL cap_fp=0 cap_fi=0 cap_fe=0 cap_fver=0 cap_frootid=0OUID="root" OGID="root"
type=PATH msg=audit(1782837710.222:5557): item=2 name="/lib64/ld-linux-x86-64.so.2" inode=11930925 dev=103:02 mode=0100755 ouid=0 ogid=0 rdev=00:00 nametype=NORMAL cap_fp=0 cap_fi=0 cap_fe=0 cap_fver=0 cap_frootid=0OUID="root" OGID="root"
type=PROCTITLE msg=audit(1782837710.222:5557): proctitle=746565002D61002F686F6D652F7175696E74657373656E7469616C2F446F63756D656E74732F363834312F617373312F70726F6A6563742D707269736D2F7265642F74313033365F6D6173717565726164652F2E2E2F2E2E2F6C6F67732F7261772F74313033365F6D61737465725F3230323630373031543032343134332E6C
type=SYSCALL msg=audit(1782837710.222:5558): arch=c000003e syscall=59 success=yes exit=0 a0=55775ffe7420 a1=55775ffe7cb0 a2=55775ffe0c70 a3=21 items=3 ppid=224782 pid=224858 auid=1000 uid=0 gid=0 euid=0 suid=0 fsuid=0 egid=0 sgid=0 fsgid=0 tty=pts3 ses=1 comm="sleep" exe="/usr/bin/sleep" subj=unconfined key="prism_execve"ARCH=x86_64 SYSCALL=execve AUID="quintessential" UID="root" GID="root" EUID="root" SUID="root" FSUID="root" EGID="root" SGID="root" FSGID="root"
type=EXECVE msg=audit(1782837710.222:5558): argc=2 a0="sleep" a1="2"
type=CWD msg=audit(1782837710.222:5558): cwd="/home/quintessential/Documents/6841/ass1/project-prism"
type=PATH msg=audit(1782837710.222:5558): item=0 name="/usr/bin/sleep" inode=11981809 dev=103:02 mode=0100755 ouid=0 ogid=0 rdev=00:00 nametype=NORMAL cap_fp=0 cap_fi=0 cap_fe=0 cap_fver=0 cap_frootid=0OUID="root" OGID="root"
type=PATH msg=audit(1782837710.222:5558): item=1 name="/usr/bin/sleep" inode=11981809 dev=103:02 mode=0100755 ouid=0 ogid=0 rdev=00:00 nametype=NORMAL cap_fp=0 cap_fi=0 cap_fe=0 cap_fver=0 cap_frootid=0OUID="root" OGID="root"
type=PATH msg=audit(1782837710.222:5558): item=2 name="/lib64/ld-linux-x86-64.so.2" inode=11930925 dev=103:02 mode=0100755 ouid=0 ogid=0 rdev=00:00 nametype=NORMAL cap_fp=0 cap_fi=0 cap_fe=0 cap_fver=0 cap_frootid=0OUID="root" OGID="root"
type=PROCTITLE msg=audit(1782837710.222:5558): proctitle=736C6565700032
type=SYSCALL msg=audit(1782837710.222:5559): arch=c000003e syscall=59 success=yes exit=0 a0=55775ffe1220 a1=55775ffe73d0 a2=55775ffe5560 a3=8 items=3 ppid=224782 pid=224857 auid=1000 uid=0 gid=0 euid=0 suid=0 fsuid=0 egid=0 sgid=0 fsgid=0 tty=pts3 ses=1 comm="prism_prctl_spo" exe="/tmp/prism_prctl_spoof" subj=unconfined key="prism_execve"ARCH=x86_64 SYSCALL=execve AUID="quintessential" UID="root" GID="root" EUID="root" SUID="root" FSUID="root" EGID="root" SGID="root" FSGID="root"
type=EXECVE msg=audit(1782837710.222:5559): argc=1 a0="/tmp/prism_prctl_spoof"
type=CWD msg=audit(1782837710.222:5559): cwd="/home/quintessential/Documents/6841/ass1/project-prism"
type=PATH msg=audit(1782837710.222:5559): item=0 name="/tmp/prism_prctl_spoof" inode=7840 dev=00:31 mode=0100755 ouid=0 ogid=0 rdev=00:00 nametype=NORMAL cap_fp=0 cap_fi=0 cap_fe=0 cap_fver=0 cap_frootid=0OUID="root" OGID="root"
type=PATH msg=audit(1782837710.222:5559): item=1 name="/tmp/prism_prctl_spoof" inode=7840 dev=00:31 mode=0100755 ouid=0 ogid=0 rdev=00:00 nametype=NORMAL cap_fp=0 cap_fi=0 cap_fe=0 cap_fver=0 cap_frootid=0OUID="root" OGID="root"
type=PATH msg=audit(1782837710.222:5559): item=2 name="/lib64/ld-linux-x86-64.so.2" inode=11930925 dev=103:02 mode=0100755 ouid=0 ogid=0 rdev=00:00 nametype=NORMAL cap_fp=0 cap_fi=0 cap_fe=0 cap_fver=0 cap_frootid=0OUID="root" OGID="root"
type=PROCTITLE msg=audit(1782837710.222:5559): proctitle="/tmp/prism_prctl_spoof"
type=SYSCALL msg=audit(1782837711.338:5560): arch=c000003e syscall=59 success=yes exit=0 a0=7ffc058f4050 a1=7ffc058f4070 a2=560c7ce56a00 a3=8 items=3 ppid=1 pid=224859 auid=4294967295 uid=0 gid=0 euid=0 suid=0 fsuid=0 egid=0 sgid=0 fsgid=0 tty=(none) ses=4294967295 comm="16" exe="/usr/lib/systemd/systemd-executor" subj=unconfined key="prism_execve"ARCH=x86_64 SYSCALL=execve AUID="unset" UID="root" GID="root" EUID="root" SUID="root" FSUID="root" EGID="root" SGID="root" FSGID="root"
type=EXECVE msg=audit(1782837711.338:5560): argc=7 a0="/usr/lib/systemd/systemd-executor" a1="--deserialize" a2="97" a3="--log-level" a4="info" a5="--log-target" a6="journal-or-kmsg"
type=CWD msg=audit(1782837711.338:5560): cwd="/"
type=PATH msg=audit(1782837711.338:5560): item=0 name="/proc/self/fd/16" inode=12004750 dev=103:02 mode=0100755 ouid=0 ogid=0 rdev=00:00 nametype=NORMAL cap_fp=0 cap_fi=0 cap_fe=0 cap_fver=0 cap_frootid=0OUID="root" OGID="root"
type=PATH msg=audit(1782837711.338:5560): item=1 name="/proc/self/fd/16" inode=1430835 dev=00:17 mode=0120000 ouid=0 ogid=0 rdev=00:00 nametype=NORMAL cap_fp=0 cap_fi=0 cap_fe=0 cap_fver=0 cap_frootid=0OUID="root" OGID="root"
type=PATH msg=audit(1782837711.338:5560): item=2 name="/lib64/ld-linux-x86-64.so.2" inode=11930925 dev=103:02 mode=0100755 ouid=0 ogid=0 rdev=00:00 nametype=NORMAL cap_fp=0 cap_fi=0 cap_fe=0 cap_fver=0 cap_frootid=0OUID="root" OGID="root"
type=PROCTITLE msg=audit(1782837711.338:5560): proctitle=2F7573722F6C69622F73797374656D642F73797374656D642D6578656375746F72002D2D646573657269616C697A65003937002D2D6C6F672D6C6576656C00696E666F002D2D6C6F672D746172676574006A6F75726E616C2D6F722D6B6D7367
type=SERVICE_START msg=audit(1782837711.338:5561): pid=1 uid=0 auid=4294967295 ses=4294967295 subj=unconfined msg='unit=sysreptor comm="systemd" exe="/usr/lib/systemd/systemd" hostname=? addr=? terminal=? res=success'UID="root" AUID="unset"
type=SYSCALL msg=audit(1782837711.342:5562): arch=c000003e syscall=257 success=yes exit=3 a0=ffffffffffffff9c a1=7fe31239d989 a2=80000 a3=0 items=1 ppid=1 pid=224859 auid=4294967295 uid=0 gid=0 euid=0 suid=0 fsuid=0 egid=0 sgid=0 fsgid=0 tty=(none) ses=4294967295 comm="16" exe="/usr/lib/systemd/systemd-executor" subj=unconfined key="prism_proc_access"ARCH=x86_64 SYSCALL=openat AUID="unset" UID="root" GID="root" EUID="root" SUID="root" FSUID="root" EGID="root" SGID="root" FSGID="root"
type=CWD msg=audit(1782837711.342:5562): cwd="/"
type=PATH msg=audit(1782837711.342:5562): item=0 name="/proc/sys/kernel/cap_last_cap" inode=5647 dev=00:17 mode=0100444 ouid=0 ogid=0 rdev=00:00 nametype=NORMAL cap_fp=0 cap_fi=0 cap_fe=0 cap_fver=0 cap_frootid=0OUID="root" OGID="root"
type=PROCTITLE msg=audit(1782837711.342:5562): proctitle=2F7573722F6C69622F73797374656D642F73797374656D642D6578656375746F72002D2D646573657269616C697A65003937002D2D6C6F672D6C6576656C00696E666F002D2D6C6F672D746172676574006A6F75726E616C2D6F722D6B6D7367
type=SYSCALL msg=audit(1782837711.342:5563): arch=c000003e syscall=257 success=yes exit=3 a0=ffffff9c a1=7fe312390db3 a2=90800 a3=0 items=1 ppid=1 pid=224859 auid=4294967295 uid=0 gid=0 euid=0 suid=0 fsuid=0 egid=0 sgid=0 fsgid=0 tty=(none) ses=4294967295 comm="16" exe="/usr/lib/systemd/systemd-executor" subj=unconfined key="prism_proc_access"ARCH=x86_64 SYSCALL=openat AUID="unset" UID="root" GID="root" EUID="root" SUID="root" FSUID="root" EGID="root" SGID="root" FSGID="root"
type=CWD msg=audit(1782837711.342:5563): cwd="/"
type=PATH msg=audit(1782837711.342:5563): item=0 name="/proc/self/fd" inode=1430834 dev=00:17 mode=040500 ouid=0 ogid=0 rdev=00:00 nametype=NORMAL cap_fp=0 cap_fi=0 cap_fe=0 cap_fver=0 cap_frootid=0OUID="root" OGID="root"
type=PROCTITLE msg=audit(1782837711.342:5563): proctitle=2F7573722F6C69622F73797374656D642F73797374656D642D6578656375746F72002D2D646573657269616C697A65003937002D2D6C6F672D6C6576656C00696E666F002D2D6C6F672D746172676574006A6F75726E616C2D6F722D6B6D7367
type=SYSCALL msg=audit(1782837711.342:5564): arch=c000003e syscall=257 success=yes exit=3 a0=ffffffffffffff9c a1=7fe3128dd20d a2=80000 a3=0 items=1 ppid=1 pid=224859 auid=4294967295 uid=0 gid=0 euid=0 suid=0 fsuid=0 egid=0 sgid=0 fsgid=0 tty=(none) ses=4294967295 comm="16" exe="/usr/lib/systemd/systemd-executor" subj=unconfined key="prism_proc_access"ARCH=x86_64 SYSCALL=openat AUID="unset" UID="root" GID="root" EUID="root" SUID="root" FSUID="root" EGID="root" SGID="root" FSGID="root"
type=CWD msg=audit(1782837711.342:5564): cwd="/"
type=PATH msg=audit(1782837711.342:5564): item=0 name="/proc/filesystems" inode=4026532067 dev=00:17 mode=0100444 ouid=0 ogid=0 rdev=00:00 nametype=NORMAL cap_fp=0 cap_fi=0 cap_fe=0 cap_fver=0 cap_frootid=0OUID="root" OGID="root"
type=PROCTITLE msg=audit(1782837711.342:5564): proctitle=2F7573722F6C69622F73797374656D642F73797374656D642D6578656375746F72002D2D646573657269616C697A65003937002D2D6C6F672D6C6576656C00696E666F002D2D6C6F672D746172676574006A6F75726E616C2D6F722D6B6D7367
type=SYSCALL msg=audit(1782837711.342:5565): arch=c000003e syscall=257 success=yes exit=3 a0=ffffffffffffff9c a1=7fe31239ebf8 a2=80000 a3=0 items=1 ppid=1 pid=224859 auid=4294967295 uid=0 gid=0 euid=0 suid=0 fsuid=0 egid=0 sgid=0 fsgid=0 tty=(none) ses=4294967295 comm="16" exe="/usr/lib/systemd/systemd-executor" subj=unconfined key="prism_proc_access"ARCH=x86_64 SYSCALL=openat AUID="unset" UID="root" GID="root" EUID="root" SUID="root" FSUID="root" EGID="root" SGID="root" FSGID="root"
type=CWD msg=audit(1782837711.342:5565): cwd="/"
type=PATH msg=audit(1782837711.342:5565): item=0 name="/proc/sys/fs/nr_open" inode=10255 dev=00:17 mode=0100644 ouid=0 ogid=0 rdev=00:00 nametype=NORMAL cap_fp=0 cap_fi=0 cap_fe=0 cap_fver=0 cap_frootid=0OUID="root" OGID="root"
type=PROCTITLE msg=audit(1782837711.342:5565): proctitle=2F7573722F6C69622F73797374656D642F73797374656D642D6578656375746F72002D2D646573657269616C697A65003937002D2D6C6F672D6C6576656C00696E666F002D2D6C6F672D746172676574006A6F75726E616C2D6F722D6B6D7367
type=SYSCALL msg=audit(1782837711.342:5566): arch=c000003e syscall=257 success=yes exit=3 a0=ffffff9c a1=7fe311fb6777 a2=80000 a3=0 items=1 ppid=1 pid=224859 auid=4294967295 uid=0 gid=0 euid=0 suid=0 fsuid=0 egid=0 sgid=0 fsgid=0 tty=(none) ses=4294967295 comm="(python3)" exe="/usr/lib/systemd/systemd-executor" subj=unconfined key="prism_proc_access"ARCH=x86_64 SYSCALL=openat AUID="unset" UID="root" GID="root" EUID="root" SUID="root" FSUID="root" EGID="root" SGID="root" FSGID="root"
type=CWD msg=audit(1782837711.342:5566): cwd="/"
type=PATH msg=audit(1782837711.342:5566): item=0 name="/proc/sys/kernel/ngroups_max" inode=17444 dev=00:17 mode=0100444 ouid=0 ogid=0 rdev=00:00 nametype=NORMAL cap_fp=0 cap_fi=0 cap_fe=0 cap_fver=0 cap_frootid=0OUID="root" OGID="root"
type=PROCTITLE msg=audit(1782837711.342:5566): proctitle=2F7573722F6C69622F73797374656D642F73797374656D642D6578656375746F72002D2D646573657269616C697A65003937002D2D6C6F672D6C6576656C00696E666F002D2D6C6F672D746172676574006A6F75726E616C2D6F722D6B6D7367
type=SYSCALL msg=audit(1782837711.342:5567): arch=c000003e syscall=257 success=yes exit=3 a0=ffffffffffffff9c a1=7fe3115e76e8 a2=80100 a3=0 items=1 ppid=1 pid=224859 auid=4294967295 uid=0 gid=0 euid=0 suid=0 fsuid=0 egid=0 sgid=0 fsgid=0 tty=(none) ses=4294967295 comm="(python3)" exe="/usr/lib/systemd/systemd-executor" subj=unconfined key="prism_proc_access"ARCH=x86_64 SYSCALL=openat AUID="unset" UID="root" GID="root" EUID="root" SUID="root" FSUID="root" EGID="root" SGID="root" FSGID="root"
type=CWD msg=audit(1782837711.342:5567): cwd="/"
type=PATH msg=audit(1782837711.342:5567): item=0 name="/proc/sys/kernel/random/boot_id" inode=3813 dev=00:17 mode=0100444 ouid=0 ogid=0 rdev=00:00 nametype=NORMAL cap_fp=0 cap_fi=0 cap_fe=0 cap_fver=0 cap_frootid=0OUID="root" OGID="root"
type=PROCTITLE msg=audit(1782837711.342:5567): proctitle=2F7573722F6C69622F73797374656D642F73797374656D642D6578656375746F72002D2D646573657269616C697A65003937002D2D6C6F672D6C6576656C00696E666F002D2D6C6F672D746172676574006A6F75726E616C2D6F722D6B6D7367
type=SYSCALL msg=audit(1782837711.374:5568): arch=c000003e syscall=257 success=yes exit=3 a0=ffffffffffffff9c a1=7fe3123a07c0 a2=80100 a3=0 items=1 ppid=1 pid=224859 auid=4294967295 uid=0 gid=0 euid=0 suid=0 fsuid=0 egid=0 sgid=0 fsgid=0 tty=(none) ses=4294967295 comm="(python3)" exe="/usr/lib/systemd/systemd-executor" subj=unconfined key="prism_proc_access"ARCH=x86_64 SYSCALL=openat AUID="unset" UID="root" GID="root" EUID="root" SUID="root" FSUID="root" EGID="root" SGID="root" FSGID="root"
type=CWD msg=audit(1782837711.374:5568): cwd="/"
type=PATH msg=audit(1782837711.374:5568): item=0 name="/proc/pressure/cpu" inode=4026532059 dev=00:17 mode=0100666 ouid=0 ogid=0 rdev=00:00 nametype=NORMAL cap_fp=0 cap_fi=0 cap_fe=0 cap_fver=0 cap_frootid=0OUID="root" OGID="root"
type=PROCTITLE msg=audit(1782837711.374:5568): proctitle=2F7573722F6C69622F73797374656D642F73797374656D642D6578656375746F72002D2D646573657269616C697A65003937002D2D6C6F672D6C6576656C00696E666F002D2D6C6F672D746172676574006A6F75726E616C2D6F722D6B6D7367
type=SYSCALL msg=audit(1782837711.374:5569): arch=c000003e syscall=257 success=yes exit=3 a0=ffffffffffffff9c a1=7fe3123a07d3 a2=80100 a3=0 items=1 ppid=1 pid=224859 auid=4294967295 uid=0 gid=0 euid=0 suid=0 fsuid=0 egid=0 sgid=0 fsgid=0 tty=(none) ses=4294967295 comm="(python3)" exe="/usr/lib/systemd/systemd-executor" subj=unconfined key="prism_proc_access"ARCH=x86_64 SYSCALL=openat AUID="unset" UID="root" GID="root" EUID="root" SUID="root" FSUID="root" EGID="root" SGID="root" FSGID="root"
type=CWD msg=audit(1782837711.374:5569): cwd="/"
type=PATH msg=audit(1782837711.374:5569): item=0 name="/proc/pressure/io" inode=4026532057 dev=00:17 mode=0100666 ouid=0 ogid=0 rdev=00:00 nametype=NORMAL cap_fp=0 cap_fi=0 cap_fe=0 cap_fver=0 cap_frootid=0OUID="root" OGID="root"
type=PROCTITLE msg=audit(1782837711.374:5569): proctitle=2F7573722F6C69622F73797374656D642F73797374656D642D6578656375746F72002D2D646573657269616C697A65003937002D2D6C6F672D6C6576656C00696E666F002D2D6C6F672D746172676574006A6F75726E616C2D6F722D6B6D7367
type=SYSCALL msg=audit(1782837711.374:5570): arch=c000003e syscall=257 success=yes exit=3 a0=ffffffffffffff9c a1=7fe3123a07e5 a2=80100 a3=0 items=1 ppid=1 pid=224859 auid=4294967295 uid=0 gid=0 euid=0 suid=0 fsuid=0 egid=0 sgid=0 fsgid=0 tty=(none) ses=4294967295 comm="(python3)" exe="/usr/lib/systemd/systemd-executor" subj=unconfined key="prism_proc_access"ARCH=x86_64 SYSCALL=openat AUID="unset" UID="root" GID="root" EUID="root" SUID="root" FSUID="root" EGID="root" SGID="root" FSGID="root"
type=CWD msg=audit(1782837711.374:5570): cwd="/"
type=PATH msg=audit(1782837711.374:5570): item=0 name="/proc/pressure/memory" inode=4026532058 dev=00:17 mode=0100666 ouid=0 ogid=0 rdev=00:00 nametype=NORMAL cap_fp=0 cap_fi=0 cap_fe=0 cap_fver=0 cap_frootid=0OUID="root" OGID="root"
type=PROCTITLE msg=audit(1782837711.374:5570): proctitle=2F7573722F6C69622F73797374656D642F73797374656D642D6578656375746F72002D2D646573657269616C697A65003937002D2D6C6F672D6C6576656C00696E666F002D2D6C6F672D746172676574006A6F75726E616C2D6F722D6B6D7367
type=SYSCALL msg=audit(1782837711.374:5571): arch=c000003e syscall=59 success=yes exit=0 a0=56527baba490 a1=56527bac7410 a2=56527bab9460 a3=0 items=3 ppid=1 pid=224859 auid=4294967295 uid=1000 gid=1000 euid=1000 suid=1000 fsuid=1000 egid=1000 sgid=1000 fsgid=1000 tty=(none) ses=4294967295 comm="python3" exe="/usr/bin/python3.13" subj=unconfined key="prism_execve"ARCH=x86_64 SYSCALL=execve AUID="unset" UID="quintessential" GID="quintessential" EUID="quintessential" SUID="quintessential" FSUID="quintessential" EGID="quintessential" SGID="quintessential" FSGID="quintessential"
type=EXECVE msg=audit(1782837711.374:5571): argc=4 a0="/usr/bin/python3" a1="manage.py" a2="runserver" a3="0.0.0.0:8000"
type=CWD msg=audit(1782837711.374:5571): cwd="/home/quintessential/sysreptor"
type=PATH msg=audit(1782837711.374:5571): item=0 name="/usr/bin/python3" inode=11931279 dev=103:02 mode=0100755 ouid=0 ogid=0 rdev=00:00 nametype=NORMAL cap_fp=0 cap_fi=0 cap_fe=0 cap_fver=0 cap_frootid=0OUID="root" OGID="root"
type=PATH msg=audit(1782837711.374:5571): item=1 name="/usr/bin/python3" inode=11967605 dev=103:02 mode=0120777 ouid=0 ogid=0 rdev=00:00 nametype=NORMAL cap_fp=0 cap_fi=0 cap_fe=0 cap_fver=0 cap_frootid=0OUID="root" OGID="root"
type=PATH msg=audit(1782837711.374:5571): item=2 name="/lib64/ld-linux-x86-64.so.2" inode=11930925 dev=103:02 mode=0100755 ouid=0 ogid=0 rdev=00:00 nametype=NORMAL cap_fp=0 cap_fi=0 cap_fe=0 cap_fver=0 cap_frootid=0OUID="root" OGID="root"
type=PROCTITLE msg=audit(1782837711.374:5571): proctitle=2F7573722F6C69622F73797374656D642F73797374656D642D6578656375746F72002D2D646573657269616C697A65003937002D2D6C6F672D6C6576656C00696E666F002D2D6C6F672D746172676574006A6F75726E616C2D6F722D6B6D7367
type=SYSCALL msg=audit(1782837711.374:5572): arch=c000003e syscall=2 success=yes exit=3 a0=775ae0 a1=0 a2=0 a3=a25920 items=1 ppid=1 pid=224859 auid=4294967295 uid=1000 gid=1000 euid=1000 suid=1000 fsuid=1000 egid=1000 sgid=1000 fsgid=1000 tty=(none) ses=4294967295 comm="python3" exe="/usr/bin/python3.13" subj=unconfined key="prism_proc_access"ARCH=x86_64 SYSCALL=open AUID="unset" UID="quintessential" GID="quintessential" EUID="quintessential" SUID="quintessential" FSUID="quintessential" EGID="quintessential" SGID="quintessential" FSGID="quintessential"
type=CWD msg=audit(1782837711.374:5572): cwd="/home/quintessential/sysreptor"
type=PATH msg=audit(1782837711.374:5572): item=0 name="/proc/sys/vm/overcommit_memory" inode=11146 dev=00:17 mode=0100644 ouid=0 ogid=0 rdev=00:00 nametype=NORMAL cap_fp=0 cap_fi=0 cap_fe=0 cap_fver=0 cap_frootid=0OUID="root" OGID="root"
type=PROCTITLE msg=audit(1782837711.374:5572): proctitle=2F7573722F6C69622F73797374656D642F73797374656D642D6578656375746F72002D2D646573657269616C697A65003937002D2D6C6F672D6C6576656C00696E666F002D2D6C6F672D746172676574006A6F75726E616C2D6F722D6B6D7367
type=SERVICE_STOP msg=audit(1782837711.386:5573): pid=1 uid=0 auid=4294967295 ses=4294967295 subj=unconfined msg='unit=sysreptor comm="systemd" exe="/usr/lib/systemd/systemd" hostname=? addr=? terminal=? res=failed'UID="root" AUID="unset"
type=SYSCALL msg=audit(1782837712.226:5574): arch=c000003e syscall=59 success=yes exit=0 a0=55775ffe2b30 a1=55775ffe3b30 a2=55775ffe0c70 a3=31 items=3 ppid=224861 pid=224862 auid=1000 uid=0 gid=0 euid=0 suid=0 fsuid=0 egid=0 sgid=0 fsgid=0 tty=pts3 ses=1 comm="wc" exe="/usr/bin/wc" subj=unconfined key="prism_execve"ARCH=x86_64 SYSCALL=execve AUID="quintessential" UID="root" GID="root" EUID="root" SUID="root" FSUID="root" EGID="root" SGID="root" FSGID="root"
type=EXECVE msg=audit(1782837712.226:5574): argc=2 a0="wc" a1="-l"
type=CWD msg=audit(1782837712.226:5574): cwd="/home/quintessential/Documents/6841/ass1/project-prism"
type=PATH msg=audit(1782837712.226:5574): item=0 name="/usr/bin/wc" inode=11990851 dev=103:02 mode=0100755 ouid=0 ogid=0 rdev=00:00 nametype=NORMAL cap_fp=0 cap_fi=0 cap_fe=0 cap_fver=0 cap_frootid=0OUID="root" OGID="root"
type=PATH msg=audit(1782837712.226:5574): item=1 name="/usr/bin/wc" inode=11990851 dev=103:02 mode=0100755 ouid=0 ogid=0 rdev=00:00 nametype=NORMAL cap_fp=0 cap_fi=0 cap_fe=0 cap_fver=0 cap_frootid=0OUID="root" OGID="root"
type=PATH msg=audit(1782837712.226:5574): item=2 name="/lib64/ld-linux-x86-64.so.2" inode=11930925 dev=103:02 mode=0100755 ouid=0 ogid=0 rdev=00:00 nametype=NORMAL cap_fp=0 cap_fi=0 cap_fe=0 cap_fver=0 cap_frootid=0OUID="root" OGID="root"
type=PROCTITLE msg=audit(1782837712.226:5574): proctitle=7763002D6C
type=SYSCALL msg=audit(1782837712.226:5575): arch=c000003e syscall=59 success=yes exit=0 a0=55775ffe2820 a1=55775ffe4900 a2=55775ffe0c70 a3=8 items=3 ppid=224782 pid=224864 auid=1000 uid=0 gid=0 euid=0 suid=0 fsuid=0 egid=0 sgid=0 fsgid=0 tty=pts3 ses=1 comm="tee" exe="/usr/bin/tee" subj=unconfined key="prism_execve"ARCH=x86_64 SYSCALL=execve AUID="quintessential" UID="root" GID="root" EUID="root" SUID="root" FSUID="root" EGID="root" SGID="root" FSGID="root"
type=EXECVE msg=audit(1782837712.226:5575): argc=3 a0="tee" a1="-a" a2="/home/quintessential/Documents/6841/ass1/project-prism/red/t1036_masquerade/../../logs/raw/t1036_master_20260701T024143.log"
type=CWD msg=audit(1782837712.226:5575): cwd="/home/quintessential/Documents/6841/ass1/project-prism"
type=PATH msg=audit(1782837712.226:5575): item=0 name="/usr/bin/tee" inode=11990827 dev=103:02 mode=0100755 ouid=0 ogid=0 rdev=00:00 nametype=NORMAL cap_fp=0 cap_fi=0 cap_fe=0 cap_fver=0 cap_frootid=0OUID="root" OGID="root"
type=PATH msg=audit(1782837712.226:5575): item=1 name="/usr/bin/tee" inode=11990827 dev=103:02 mode=0100755 ouid=0 ogid=0 rdev=00:00 nametype=NORMAL cap_fp=0 cap_fi=0 cap_fe=0 cap_fver=0 cap_frootid=0OUID="root" OGID="root"
type=PATH msg=audit(1782837712.226:5575): item=2 name="/lib64/ld-linux-x86-64.so.2" inode=11930925 dev=103:02 mode=0100755 ouid=0 ogid=0 rdev=00:00 nametype=NORMAL cap_fp=0 cap_fi=0 cap_fe=0 cap_fver=0 cap_frootid=0OUID="root" OGID="root"
type=PROCTITLE msg=audit(1782837712.226:5575): proctitle=746565002D61002F686F6D652F7175696E74657373656E7469616C2F446F63756D656E74732F363834312F617373312F70726F6A6563742D707269736D2F7265642F74313033365F6D6173717565726164652F2E2E2F2E2E2F6C6F67732F7261772F74313033365F6D61737465725F3230323630373031543032343134332E6C
type=SYSCALL msg=audit(1782837712.226:5576): arch=c000003e syscall=59 success=yes exit=0 a0=55775ffe9810 a1=55775ffe4900 a2=55775ffe0c70 a3=91 items=3 ppid=224782 pid=224865 auid=1000 uid=0 gid=0 euid=0 suid=0 fsuid=0 egid=0 sgid=0 fsgid=0 tty=pts3 ses=1 comm="tail" exe="/usr/bin/tail" subj=unconfined key="prism_execve"ARCH=x86_64 SYSCALL=execve AUID="quintessential" UID="root" GID="root" EUID="root" SUID="root" FSUID="root" EGID="root" SGID="root" FSGID="root"
type=EXECVE msg=audit(1782837712.226:5576): argc=4 a0="tail" a1="-n" a2="+13469" a3="/var/log/audit/audit.log"
type=CWD msg=audit(1782837712.226:5576): cwd="/home/quintessential/Documents/6841/ass1/project-prism"
type=PATH msg=audit(1782837712.226:5576): item=0 name="/usr/bin/tail" inode=11988530 dev=103:02 mode=0100755 ouid=0 ogid=0 rdev=00:00 nametype=NORMAL cap_fp=0 cap_fi=0 cap_fe=0 cap_fver=0 cap_frootid=0OUID="root" OGID="root"
type=PATH msg=audit(1782837712.226:5576): item=1 name="/usr/bin/tail" inode=11988530 dev=103:02 mode=0100755 ouid=0 ogid=0 rdev=00:00 nametype=NORMAL cap_fp=0 cap_fi=0 cap_fe=0 cap_fver=0 cap_frootid=0OUID="root" OGID="root"
type=PATH msg=audit(1782837712.226:5576): item=2 name="/lib64/ld-linux-x86-64.so.2" inode=11930925 dev=103:02 mode=0100755 ouid=0 ogid=0 rdev=00:00 nametype=NORMAL cap_fp=0 cap_fi=0 cap_fe=0 cap_fver=0 cap_frootid=0OUID="root" OGID="root"
type=PROCTITLE msg=audit(1782837712.226:5576): proctitle=7461696C002D6E002B3133343639002F7661722F6C6F672F61756469742F61756469742E6C6F67
